"Authors","Author full names","Author(s) ID","Title","Year","Source title","Volume","Issue","Art. No.","Page start","Page end","Page count","Cited by","DOI","Link","Abstract","Author Keywords","Index Keywords","Document Type","Publication Stage","Open Access","Source","EID"
"Ozbek N.S.","Ozbek, Necdet Sinan (56577802800)","56577802800","Co-Design Approach and Co-Simulation Tools for Networked Cyber-Physical Control Systems","2020","2020 International Conference on Innovation and Intelligence for Informatics, Computing and Technologies, 3ICT 2020","","","9311967","","","","2","10.1109/3ICT51146.2020.9311967","https://www.scopus.com/inward/record.uri?eid=2-s2.0-85100252207&doi=10.1109%2f3ICT51146.2020.9311967&partnerID=40&md5=78cc7f1981904adedbb098bd27e9b33d","Networked cyber-physical systems, which are formed by the synthesis of computational strategies, communication techniques as well as control theory, have recently received a great deal of attention in the control engineering framework. However, the design, analysis, and synthesis of networked control systems bring a number of challenges due to the network-induced imperfections. With this motivation in mind, the objectives of the current research are twofold. Firstly, an overview of the most important network-induced constraints is provided. Then, the co-design approach and co-simulation tools devoted to networked control system applications are discussed. The problems between the communication medium and the control method are elaborated. From this aspect, the present research provides a practical guide of simulation platforms devoted to networked control system applications.  © 2020 IEEE.","cyber physical systems; industrial internet of things; network induced imperfections; networked control; system performance","Computation theory; Control system analysis; Control system synthesis; Cyber Physical System; Embedded systems; Co-design approach; Communication medium; Communication techniques; Computational strategy; Control methods; Engineering frameworks; Networked cyber-physical systems; Practical guide; Networked control systems","Conference paper","Final","","Scopus","2-s2.0-85100252207"
"Posadas H.; Villar E.; Ragot D.; Martinez M.","Posadas, H. (6508198832); Villar, E. (7005735445); Ragot, Dominique (36180234800); Martinez, Marcos (55238298100)","6508198832; 7005735445; 36180234800; 55238298100","Early modeling of Linux-based RTOS platforms in a SystemC time-approximate co-simulation environment","2010","ISORC 2010 - 2010 13th IEEE International Symposium on Object/Component/Service-Oriented Real-Time Distributed Computing","1","","5479550","238","244","6","6","10.1109/ISORC.2010.18","https://www.scopus.com/inward/record.uri?eid=2-s2.0-77954798598&doi=10.1109%2fISORC.2010.18&partnerID=40&md5=391511b5265d19829dac49f7dbcd6723","The increase of computational power in embedded systems has allowed integrating together hard real-time tasks and rich applications. Complex SW infrastructures containing both RTOS and GPOS are required to handle this complexity. To optimally map system functionality to the hard-RT SW domain, to the general purpose SW domain or to HW peripherals, early performance evaluations at the first steps of the design process are required. Approximate timed co-simulation has been proposed as a fast solution for system modeling at early design steps. This co-simulation technique allows simulating systems at speed close to functional execution, while considering timing effects. As a consequence, system performance estimations can be obtained early, allowing efficient design space exploration and system refinement. To achieve fast simulation speed, the SW code is pre-annotated with time information. The annotated code is then natively executed, performing what is called native-based co-simulation. Previous native-based simulation environments are not prepared to model multi-OS systems, so the performance evaluation of the different SW domains is not possible. This paper proposes a new embedded system modeling solution considering dual RTOS/GPOS systems. A real Linux-based infrastructure has been modeled an integrated into a state-of-the-art co-simulation environment. The resulting solution is capable of modeling and evaluating all HW and SW system components providing the designer with valuable information for early system optimization and design space exploration. © 2010 IEEE.","Approximately-timed; Co-simulation; Realtime linux; TLM","Circuit simulation; Computer operating systems; Design; Distributed computer systems; Embedded systems; Fuzzy control; Space research; At-speed; Computational power; Cosimulation; Design process; Design steps; Efficient designs; Fast simulation; Fast solutions; General purpose; Hard real-time task; MAP systems; Performance estimation; Performance evaluation; Real-time Linux; Simulating system; Simulation environment; System components; System modeling; System optimizations; System refinement; SystemC; Time information; Real time systems","Conference paper","Final","","Scopus","2-s2.0-77954798598"
"Oakes B.J.; Gomes C.; Holzinger F.R.; Benedikt M.; Denil J.; Vangheluwe H.","Oakes, Bentley James (56289881100); Gomes, Cláudio (56492272400); Holzinger, Franz Rudolf (56588831200); Benedikt, Martin (55679805000); Denil, Joachim (35145566200); Vangheluwe, Hans (6602402077)","56289881100; 56492272400; 56588831200; 55679805000; 35145566200; 6602402077","Hint-based configuration of co-simulations with algebraic loops","2021","Advances in Intelligent Systems and Computing","1260 AISC","","","1","28","27","7","10.1007/978-3-030-55867-3_1","https://www.scopus.com/inward/record.uri?eid=2-s2.0-85089655271&doi=10.1007%2f978-3-030-55867-3_1&partnerID=40&md5=99f1b30ff62c55de78b5c56a9acb7e7f","Co-simulation is a powerful technique for performing full-system simulation. Multiple black-box models and their simulators are combined together to provide the behaviour for a full system. However, the black-box nature of co-simulation and potentially infinite configuration space means that configuration of co-simulations is a challenging problem for today’s practitioners. Our previous work on co-simulation configuration operated on the notion of hints, which allow system engineers to encode their knowledge and insights about the system. These hints, combined with state-of-the-art best practices, can then be used to semi-automatically configure the co-simulation. We summarize our previous hint-based configuration work here, and explore the challenging problem of scheduling co-simulations which contain algebraic loops. Solving or “breaking” these loops is required for scheduling, yet this breaking process can induce errors in the co-simulation. This work formalizes this scheduling problem, presents our insights gained about the problem, and details an optimal search algorithm as well as greedy scheduling algorithms. These heuristic algorithms are evaluated on (synthetic) co-simulation scenarios to determine their relative speedup and optimality. © Springer Nature Switzerland AG 2021.","","Algebra; Optimization; Scheduling; Black-box model; Breaking process; Configuration space; Full-system simulation; Greedy scheduling algorithms; Scheduling problem; State of the art; System engineers; Heuristic algorithms","Conference paper","Final","","Scopus","2-s2.0-85089655271"
"Buraimoh E.; Ozkan G.; Timilsina L.; Chamarthi P.K.; Papari B.; Edrington C.S.","Buraimoh, Elutunji (57204915038); Ozkan, Gokhan (57211273901); Timilsina, Laxman (57823453400); Chamarthi, Phani Kumar (56429539300); Papari, Behnaz (49864289800); Edrington, Christopher S. (7801360877)","57204915038; 57211273901; 57823453400; 56429539300; 49864289800; 7801360877","Overview of Interface Algorithms, Interface Signals, Communication and Delay in Real-Time Co-Simulation of Distributed Power Systems","2023","IEEE Access","11","","","103925","103955","30","7","10.1109/ACCESS.2023.3317250","https://www.scopus.com/inward/record.uri?eid=2-s2.0-85173023395&doi=10.1109%2fACCESS.2023.3317250&partnerID=40&md5=3ebbcd231ce039200e4eca5c4b2af496","In recent years, there has been growing research interest in the virtual integration of hardware and software assets across different geographical locations. However, achieving joint real-time simulation in virtually connected laboratories presents several challenges that must be addressed. One critical aspect involves selecting suitable interface algorithms to conserve energy, ensure signal decomposition, and reconstruct data accurately, thereby preventing distortions. Additionally, communication latencies must be taken into account to maintain experiment fidelity. The establishment of fast and reliable communication between real-time simulators in different laboratories through coupling interfaces, is of utmost importance for successful real-time co-simulation. Nevertheless, assuming the constant availability of reliable and delay-free communication is unrealistic, which can lead to performance degradation and system instability. These requirements pose significant obstacles to implementing virtual integration involving various real-time simulators and hardware-in-the-loop setups across diverse laboratories. The real-time co-simulation of power systems, in particular, is highly susceptible to ineffective interface algorithms, signal decomposition, and reconstruction, as well as communication delays, potentially causing loss of synchronism and negatively impacting simulation fidelity. Consequently, these limitations render such setups unsuitable for dynamic and transient studies. In light of these challenges, this paper aims to provide an overview of interface algorithms, signal decomposition and reconstruction techniques, communication protocols, and delay compensation approaches. The goal is to ensure system fidelity, enhance coupling point modeling, and improve the accuracy of real-time co-simulation in virtual environments across long distances while preserving ongoing research confidentiality, safeguarding intellectual property, and facilitating collaborative research.  © 2013 IEEE.","Communications latency; delay compensation; interface algorithms; power system real-time co-simulation; signal decomposition","Computer software; Interactive computer systems; Laboratories; Signal reconstruction; System stability; Virtual reality; Communication latency; Computational modelling; Cosimulation; Delay; Delay compensation; Hardware; Interface algorithm; Low-latency communication; Power; Power system; Power system real-time co-simulation; Power systems stability; Real - Time system; Signal decomposition; Signal resolution; Real time systems","Review","Final","All Open Access; Gold Open Access","Scopus","2-s2.0-85173023395"
"Coleman J.W.; Lausdahl K.; Larsen P.G.","Coleman, Joey W. (7402803457); Lausdahl, Kenneth (35186177400); Larsen, Peter Gorm (7401562142)","7402803457; 35186177400; 7401562142","Semantics of co-simulation","2014","Collaborative Design for Embedded Systems: Co-Modelling and Co-Simulation","","","","273","292","19","0","10.1007/978-3-642-54118-6_13","https://www.scopus.com/inward/record.uri?eid=2-s2.0-84956482460&doi=10.1007%2f978-3-642-54118-6_13&partnerID=40&md5=e3f2df58aa68968061d1bee6eb1fe280","This chapter provides an overview of the formal operational semantics for a co-simulation framework to support the multidisciplinary modelling of embedded systems. Following a master/slave architecture, discrete-event and continuous-time simulations proceed in their own engines, but under the control of a coordinating co-simulation layer. The semantics are extended to accommodate a scripting language that permits co-simulation over predefined scenarios. © Springer-Verlag Berlin Heidelberg 2014.","","Embedded systems; Continuous-time; Cosimulation; Discrete events; Operational semantics; Scripting languages; Semantics","Book chapter","Final","","Scopus","2-s2.0-84956482460"
"Makhmalbaf A.; Fuller J.; Srivastava V.; Ciraci S.; Daily J.","Makhmalbaf, Atefe (36167063600); Fuller, Jason (36650696100); Srivastava, Viraj (55550264900); Ciraci, Selim (24829360900); Daily, Jeff (22979082200)","36167063600; 36650696100; 55550264900; 24829360900; 22979082200","Co-simulation of detailed whole building with the power system to study smart grid applications","2014","2014 IEEE Conference on Technologies for Sustainability, SusTech 2014","","","7046242","192","198","6","9","10.1109/SusTech.2014.7046242","https://www.scopus.com/inward/record.uri?eid=2-s2.0-84946693368&doi=10.1109%2fSusTech.2014.7046242&partnerID=40&md5=0d88ea3840e8adbbfadc466a1d3d139a","Modernization of the power system in a way that ensures a sustainable energy system is arguably one of the most pressing concerns of our time. Buildings are important components in the power system. First, they are the main consumers of electricity and secondly, they do not have constant energy demand. Conventionally, electricity has been difficult to store and should be consumed as it is generated. Therefore, maintaining the demand and supply is critical in the power system. However, to reduce the complexity of power models, buildings (i.e., end-use loads) are traditionally modeled and represented as aggregated 'dumb' nodes in the power system. This means we lack effective detailed whole building energy models that can support requirements and emerging technologies of the smart power grid. To gain greater insight into the relationship between building energy demand and power system performance, it is important to constitute a co-simulation framework to support detailed building energy modeling and simulation within the power system to study capabilities promised by the modern power grid. This paper discusses ongoing work at Pacific Northwest National Laboratory and presents underlying tools and framework needed to enable co-simulation of building, building energy systems and their control in the power system to study applications such as demand response, grid-based HVAC control, and deployment of buildings for ancillary services. The optimal goal is to develop an integrated modeling and simulation platform that is flexible, reusable, and scalable. Results of this work will contribute to future building and power system studies, especially those related to the integrated 'smart grid'. Results are also expected to advance power resiliency and local (micro) scale grid studies where several building and renewable energy systems transact energy directly. This paper also reviews some applications that can be supported and studied using the framework introduced to understand their implications before they can be successfully implemented in the power system. © 2014 IEEE.","","Buildings; Climate control; Electric power distribution; Energy management; Renewable energy resources; Smart power grids; Building energy demands; Building energy systems; Emerging technologies; Pacific northwest national laboratories; Power system performance; Renewable energy systems; Smart grid applications; Sustainable energy systems; Electric power system control","Conference paper","Final","","Scopus","2-s2.0-84946693368"
"Tuli S.; Casale G.; Jennings N.R.","Tuli, Shreshth (57208274339); Casale, Giuliano (21742204200); Jennings, Nicholas R. (7005888644)","57208274339; 21742204200; 7005888644","CILP: Co-Simulation-Based Imitation Learner for Dynamic Resource Provisioning in Cloud Computing Environments","2023","IEEE Transactions on Network and Service Management","20","4","","4448","4460","12","2","10.1109/TNSM.2023.3268250","https://www.scopus.com/inward/record.uri?eid=2-s2.0-85153519528&doi=10.1109%2fTNSM.2023.3268250&partnerID=40&md5=db7d62d95a0c10a1421c51a768ad1fba","Intelligent Virtual Machine (VM) provisioning is central to cost and resource efficient computation in cloud computing environments. As bootstrapping VMs is time-consuming, a key challenge for latency-critical tasks is to predict future workload demands to provision VMs proactively. However, existing AI-based solutions tend to not holistically consider all crucial aspects such as provisioning overheads, heterogeneous VM costs and Quality of Service (QoS) of the cloud system. To address this, we propose a novel method, called CILP, that formulates the VM provisioning problem as two sub-problems of prediction and optimization, where the provisioning plan is optimized based on predicted workload demands. CILP leverages a neural network as a surrogate model to predict future workload demands with a co-simulated digital-twin of the infrastructure to compute QoS scores. We extend the neural network to also act as an imitation learner that dynamically decides the optimal VM provisioning plan. A transformer based neural model reduces training and inference overheads while our novel two-phase decision making loop facilitates in making informed provisioning decisions. Crucially, we address limitations of prior work by including resource utilization, deployment costs and provisioning overheads to inform the provisioning decisions in our imitation learning framework. Experiments with three public benchmarks demonstrate that CILP gives up to 22% higher resource utilization, 14% higher QoS scores and 44% lower execution costs compared to the current online and offline optimization based state-of-the-art methods.  © 2004-2012 IEEE.","cloud computing; co-simulation; imitation learning; Resource provisioning","Cloud computing; Cost benefit analysis; Decision making; Forecasting; Job analysis; Learning systems; Virtual machine; Cloud-computing; Cosimulation; Imitation learning; Optimisations; Predictive models; Quality-of-service; Resource provisioning; Task analysis; Time factors; Quality of service","Article","Final","All Open Access; Green Open Access","Scopus","2-s2.0-85153519528"
"Kuka N.; Verardi R.; Ariaudo C.; Dolcini A.","Kuka, N. (34978736700); Verardi, R. (38663604800); Ariaudo, C. (34869234600); Dolcini, A. (57188968156)","34978736700; 38663604800; 34869234600; 57188968156","Railway vehicle driveline modelling and co-simulations in SIMPACK-simulink","2016","Civil-Comp Proceedings","110","","","","","","0","","https://www.scopus.com/inward/record.uri?eid=2-s2.0-84964407575&partnerID=40&md5=0dc6c03d896d772986f5ad1ee80e5ce3","Railway operators continuously challenge the rail industry to increase vehicle performances and capacity, without compromising the level of running safety, but possibly reducing the level of aggressiveness of the rolling stock on the track. Among the performances, the markets in the last decades are demanding for more traction capacity on regional trains, freight locomotives and metro, but with an eye always turned to minimize the damages on the track. Therefore the optimisation of the vehicle design respect to dynamic behaviour, including the interaction with traction and braking systems, through complex and reliable simulation models of whole traction chain, is unavoidable in order to give the right response to railway undertaking. Alstom developed, in the past, different standalone models to simulate the electrical and mechanical systems of the drive line, but such an approach did not take into account the feedback (in a closed loop) of the electric system on the whole dynamics of the vehicle and on the wheel-rail interaction. The need for a more complete modelling system has led to the development of a co-simulation methodology in a closed loop, in SIMPACK/Simulink environments. This paper presents first a synthesis of the Alstom experiences on the drive line modelling, then an overview of the new methodology for the co-simulation of the whole vehicle, including the traction chain. Then the description of the model's setup and the main characteristics used for the simulations, in order to optimize the system design, both in terms of traction/braking performances and fatigue loads on the components, is given. Finally the model validation process, the results obtained and the future evolutions are presented and discussed. © Civil-Comp Press, 2016.","Electro-mechanical co-simulation; Fatigue loads; Mechanical vibrations; Traction and braking behaviour; Traction chain; Vehicle dynamics; Wheel/rail contact","Accident prevention; Chains; Electric lines; Engines; Railroad rolling stock; Railroad transportation; Railroads; Rails; Transportation; Vehicle performance; Vehicle wheels; Vehicles; Wheels; Cosimulation; Dynamic behaviours; Fatigue loads; Freight locomotives; Traction capacities; Vehicle dynamics; Wheel-rail interaction; Wheel/rail contact; Vibrations (mechanical)","Conference paper","Final","","Scopus","2-s2.0-84964407575"
"Nouidui T.S.; Coignard J.; Gehbauer C.; Wetter M.; Joo J.-Y.; Vrettos E.","Nouidui, Thierry S. (55504548200); Coignard, Jonathan (57191476825); Gehbauer, Christoph (56974244000); Wetter, Michael (6603637286); Joo, Jhi-Young (36095896800); Vrettos, Evangelos (48561665300)","55504548200; 57191476825; 56974244000; 6603637286; 36095896800; 48561665300","CyDER–an FMI-based co-simulation platform for distributed energy resources","2019","Journal of Building Performance Simulation","12","5","","566","579","13","11","10.1080/19401493.2018.1535623","https://www.scopus.com/inward/record.uri?eid=2-s2.0-85057304041&doi=10.1080%2f19401493.2018.1535623&partnerID=40&md5=ead1e5e82fac54abcec5a9a671dab4e3","The increased integration of distributed energy resources (DERs) is bringing a number of challenges to the power grid. These include reverse power flows in distribution systems and potentially transmission systems and grid stability. So far, specialized tools have been developed to capture some of the impact of DERs at the distribution level. However, distribution system operators lack visibility into the overall system conditions. Furthermore, the impact of increasing DERs is not limited to the distribution level but also influences the transmission grid. To support the planning and operation of the grid, we developed a co-simulation platform called CyDER (A Cyber Physical Co-simulation Platform for Distributed Energy Resources in Smart Grids) that integrates various domain-specific simulation tools. CyDER is based on the functional mock-up interface standard. This paper gives an overview of CyDER and demonstrates its use based on two applications. © 2018, © 2018 International Building Performance Simulation Association (IBPSA).","co-simulation; distributed energy resources; functional mock-up interface; functional mock-up unit; Modelica; power grid","Electric power transmission; Electric power transmission networks; Energy resources; Mockups; Co-simulations; Distributed Energy Resources; functional mock-up unit; Modelica; Power grids; Smart power grids","Article","Final","All Open Access; Green Open Access","Scopus","2-s2.0-85057304041"
"Moulema P.; Yu W.; Mallapuram S.; Griffith D.; Golmie N.","Moulema, Paul (55370642300); Yu, Wei (34973528100); Mallapuram, Sriharsha (56333453400); Griffith, David (57888146000); Golmie, Nada (6701448030)","55370642300; 34973528100; 56333453400; 57888146000; 6701448030","Assessing performance of smart grid applications using Co-simulation","2017","Advances in Computer Communications and Networks From Green, Mobile, Pervasive Networking to Big Data Computing","","","","281","318","37","0","","https://www.scopus.com/inward/record.uri?eid=2-s2.0-85071823569&partnerID=40&md5=d12065c5ab212a954e9738140fbb7166","The smart grid is a complex system that comprises components from both the power grid and communication networks. To understand the behavior of such a complex system, co-simulation is a viable tool to capture the interaction and the reciprocal effects between a communication network and a physical power grid. In this chapter, we systematically review the existing efforts of cosimulation and propose a framework to explore co-simulation scenarios. Using the demand response and energy price as examples of smart grid applications, and operating the communication network under various conditions (e.g., normal operation, degraded performance, and security threats), we evaluate the performance of smart grid applications by leveraging the co-simulation platform. In addition, we conduct a co-simulation study to investigate the impact of wireless network implementations, including the wireless mesh architecture based on Ad hoc On-Demand Distance Vector (AODV) protocol, and the Worldwide Interoperability for Microwave Access (WiMAX) architecture, on the performance of smart grid applications. © 2017 River Publishers.","Co-simulation; Communication network; Cyberattacks; Demand response; Dynamic pricing; Energy market; FNCS; Framework; GridLAB-D; GridMat; NS-3; Power Grid; Scenarios; Security; Simulation; Smart Grid; Substation","","Book chapter","Final","","Scopus","2-s2.0-85071823569"
"Horri N.; Pietraszko M.","Horri, Nadjim (57201800615); Pietraszko, Mikolaj (58785703200)","57201800615; 58785703200","A Tutorial and Review on Flight Control Co-Simulation Using Matlab/Simulink and Flight Simulators","2022","Automation","3","3","","486","510","24","20","10.3390/automation3030025","https://www.scopus.com/inward/record.uri?eid=2-s2.0-85146313750&doi=10.3390%2fautomation3030025&partnerID=40&md5=c87fe9167bc9a6cff7d2218435baee3b","Flight testing in a realistic three-dimensional virtual environment is increasingly being considered a safe and cost-effective way of evaluating aircraft models and their control systems. The paper starts by reviewing and comparing the most popular personal computer-based flight simulators that have been successfully interfaced to date with the MathWorks software. This co-simulation approach allows combining the strengths of Matlab toolboxes for functions including navigation, control, and sensor modeling with the advanced simulation and scene rendering capabilities of dedicated flight simulation software. This approach can then be used to validate aircraft models, control algorithms, flight handling chatacteristics, or perform model identification from flight data. There is, however, a lack of sufficiently detailed step-by-step flight co-simulation tutorials, and there have also been few attempts to evaluate more than one flight co-simulation approach at a time. We, therefore, demonstrate our own step-by-step co-simulation implementations using Simulink with three different flight simulators: Xplane, FlightGear, and Alphalink’s virtual flight test environment (VFTE). All three co-simulations employ a real-time user datagram protocol (UDP) for data communication, and each approach has advantages depending on the aircraft type. In the case of a Cessna-172 general aviation aircraft, a Simulink co-simulation with Xplane demonstrates successful virtual flight tests with accurate simultaneous tracking of altitude and speed reference changes while maintaining roll stability under arbitrary wind conditions that present challenges in the single propeller Cessna. For a medium endurance Rascal-110 unmanned aerial vehicle (UAV), Simulink is interfaced with FlightGear and with QGroundControl using the MAVlink protocol, which allows to accurately follow the lateral UAV path on a map, and this setup is used to evaluate the validity of Matlab-based six degrees of freedom UAV models. For a smaller ZOHD Nano Talon miniature aerial vehicle (MAV), Simulink is interfaced with the VFTE, which was specifically designed for this MAV, and with QGroundControl for the testing of advanced H-infinity observer-based autopilots using a software-in-the-loop (SIL) simulation to achieve robust low altitude flight under windy conditions. This is then finally extended to hardware-in-the-loop (HIL) implementation on the Nano Talon MAV using a controller area network (CAN) databus and a Pixhawk-4 mini autopilot with simulated sensor models. © 2022 by the authors.","autopilot; co-simulation; flight control; FlightGear; HIL; Matlab/Simulink; Pixhawk; QGroundControl; SIL; virtual flight test; Xplane","","Review","Final","All Open Access; Gold Open Access; Green Open Access","Scopus","2-s2.0-85146313750"
"Fu C.; Wang Z.; Han J.","Fu, Chao (57313344600); Wang, Zengshi (58876274200); Han, Jun (55214671400)","57313344600; 58876274200; 55214671400","Chimera: A co-simulation framework combining with gem5 and FPGA platform for efficient verification","2024","Proceedings - 2024 34th International Conference on Field-Programmable Logic and Applications, FPL 2024","","","","133","139","6","0","10.1109/FPL64840.2024.00027","https://www.scopus.com/inward/record.uri?eid=2-s2.0-85207823106&doi=10.1109%2fFPL64840.2024.00027&partnerID=40&md5=cbfd0192ecd2b89e92a4a5c6148a61ad","To accommodate the requirements of increasingly diverse applications, the scale of System-on-Chip (SoC) has extended beyond single-chip, evolving towards chiplets. This expansion is accompanied by a significant increase in the number of functional IPs. Each new IP undergoes a lengthy development process to meet expected performance and ensure compatibility with existing SoCs. The conventional development process is generally divided into several distinct stages, including architecture exploration, RTL development, standalone testing, and integration verification. As IP complexity escalates and coupling with the software stack becomes intricate, the standalone testing phase fails to guarantee complete IP functionality. This deficiency leads to extended development periods and necessitates numerous iterative design revisions during the integration verification phase, hindering the efficiency of IP integration into SoC. In this paper, we introduce Chimera, the first co-simulation framework that combines ESL simulators and the FPGA platform. The framework streamlines the conventional development process, providing a direct approach to architecture exploration and integration verification of a Register-Transfer Level (RTL) IP within an SoC running on the gem 5 simulator. We propose three optimizations including an optimistic synchronization mechanism, batch processing, and dataflow merging to enhance the efficiency of Chimera. Our experimental results demonstrate that Chimera can sustain co-simulation speeds comparable to the speed of the standalone gem5 simulator within typical system configurations. Furthermore, Chimera outperforms the state-of-the-art co-simulation framework, achieving up to a 20 × performance improvement.  © 2024 IEEE.","Co-simulation; gem5; RTL","Batch data processing; Integrated circuit design; Integration testing; Verification; Architecture exploration; Cosimulation; Development process; Diverse applications; Gem5; Integration verifications; Performance; Register-transfer level; Simulation framework; Systems-on-Chip; System-on-chip","Conference paper","Final","","Scopus","2-s2.0-85207823106"
"Rehtanz C.; Guillaud X.","Rehtanz, Christian (6602839632); Guillaud, Xavier (8288370500)","6602839632; 8288370500","Real-time and co-simulations for the development of power system monitoring, control and protection","2016","19th Power Systems Computation Conference, PSCC 2016","","","7541030","","","","28","10.1109/PSCC.2016.7541030","https://www.scopus.com/inward/record.uri?eid=2-s2.0-84986610741&doi=10.1109%2fPSCC.2016.7541030&partnerID=40&md5=8b389070417495d3f4d621bd3a70508f","Research, development and validation of power system monitoring, control and protection applications requires manifold simulation tests before implementing solutions in the real system. While many applications can be investigated with conventional steady-state or dynamic simulators, more complex solutions and especially prototypical implementations require real-time or co-simulations. Co-simulations are able to simulate the interaction between power and ICT-systems. Real-time simulators provide data similar to measurement data streams in real systems. They are particularly useful for hardware in the loop tests. The paper gives an overview on theoretical principles and introduces several setups and applications of real-time and co-simulators for the development of power system monitoring control and protection applications. Additionally, Smart Grid testing environments based on real-time and co-simulators are presented. © 2016 Power Systems Computation Conference.","Co-simulation; control; power system monitoring; protection; Real-time simulation","Control engineering; Electric power system control; Electric power system measurement; Monitoring; Power control; Real time systems; Simulators; Co-simulations; Control and protection; Hardware-in-the-loop tests; protection; Prototypical implementation; Real time simulations; Real time simulators; Testing environment; Electric power system protection","Conference paper","Final","","Scopus","2-s2.0-84986610741"
"Dimitrios D.; Franco F.; Michele L.; Dimitrios T.; Sara V.","Dimitrios, Drogoudis (57208385354); Franco, Fummi (7003817152); Michele, Lora (57208391582); Dimitrios, Trachanis (57208399743); Sara, Vinco (18035995700)","57208385354; 7003817152; 57208391582; 57208399743; 18035995700","Simulation/Co-simulation alternatives for multi-domain, multilevel, multi-language design of smart sensor: The SMAC methodology","2014","Smart Systems Integration - 8th International Conference and Exhibition on Integration Issues of Miniaturized Systems - MEMS, NEMS, ICs and Electronic Components, SSI 2014","","","","291","298","7","0","","https://www.scopus.com/inward/record.uri?eid=2-s2.0-85064632187&partnerID=40&md5=34466e293ea5e53d80bb6e956ced70b1","Smart Systems represent a broad class of intelligent, miniaturized systems incorporating functionalities like sensing, actuation and control. Their heterogeneity in terms of domains requires handling different levels of abstraction and different communication and synchronization styles, together with different languages and frameworks. This heavily impacts simulation. Directly simulating in a single environment such a degree of heterogeneity is impossible. On the other hand, cosimulation may lead to integration errors and to a loss in terms of accuracy due to the conjunct adoption of heterogeneous domains. Nonetheless, simulation is crucial in the design and verification loop, as well as to respect budget constraints. This work proposes the SMAC design flow for smart systems. It provides a formalization of the typical abstraction levels and design domains of a smart system. The proposed taxonomy allows identifying a precise role in the design flow for the different simulation and co-simulation scenarios. This will highlight the impact of heterogeneous and homogeneous models of computation on simulation performance. Finally, this works proposes a methodology to move from a co-simulated heterogeneity to a C++ simulatable homogeneous representation of the entire smart system, whose effectiveness is proven on a complex industrial case study. © 2014 Smart Systems Integration - 8th International Conference and Exhibition on Integration Issues of Miniaturized Systems - MEMS, NEMS, ICs and Electronic Components, SSI 2014. All rights reserved.","","Abstracting; Budget control; C++ (programming language); Computer simulation languages; Integrated circuits; Integration; Network components; Budget constraint; Communication and synchronizations; Heterogeneous domains; Homogeneous models; Industrial case study; Levels of abstraction; Miniaturized systems; Simulation performance; Computer software","Conference paper","Final","","Scopus","2-s2.0-85064632187"
"Glaß M.; Teich J.; Zhang L.","Glaß, Michael (23090791400); Teich, Jürgen (7005076708); Zhang, Liyuan (55585317400)","23090791400; 7005076708; 55585317400","A co-simulation approach for system-level analysis of embedded control systems","2012","Proceedings - 2012 International Conference on Embedded Computer Systems: Architectures, Modeling and Simulation, IC-SAMOS 2012","","","6404200","355","362","7","8","10.1109/SAMOS.2012.6404200","https://www.scopus.com/inward/record.uri?eid=2-s2.0-84873555187&doi=10.1109%2fSAMOS.2012.6404200&partnerID=40&md5=a66a7b71bfc910d9d9a24ff3e0e55e58","Control applications have become an integral part of modern networked embedded systems. However, there often exists a gap between control engineering and system design. The control engineer has detailed knowledge about the algorithms but is abstracting from the system architecture and implementation. On the other hand, the system designer aims at achieving high-quality implementations based on quality constraints specified by the control engineer. This may result in either an overdesigned system in case the specifications are pessimistic or an unsafe system behavior when specifications are too optimistic. Thus, future design automation approaches have to consider the quality of control applications both as design objectives and design constraints to achieve safe yet highly optimized system implementations. The work at hand introduces an automatic tool flow at the Electronic System Level (ESL) that enables the optimization of a system implementation with quality of control being introduced as a principal design objective, like the maximum braking distance, while respecting constraints like maximum slip to ensure maneuverability of a car. The gap between mathematically well-defined models for system synthesis and common analysis techniques for control quality is bridged by co-simulation: A SystemC-based virtual prototype of a distributed controller implementation is combined with high-level models of the plants specified in Matlab/Simulink. Through a model transformation, the traditional development process of control applications is combined with state-of-the-art ESL techniques, ensuring model consistency while enabling a high degree of automation. © 2012 IEEE.","","Computer aided design; Computer simulation; Control system synthesis; Embedded systems; Maneuverability; Specifications; Systems analysis; Analysis techniques; Automatic tool flow; Braking distance; Control applications; Control engineering; Control engineers; Control quality; Cosimulation; Degree of automation; Design constraints; Design objectives; Development process; Distributed controller; Electronic system level; Embedded control systems; Future designs; High-level models; High-quality implementation; Integral part; Maximum slip; Model consistency; Model transformation; Networked embedded systems; Optimized system; Quality constraints; Quality of controls; System architectures; System behaviors; System designers; System implementation; System synthesis; System-level analysis; Virtual prototype; Quality control","Conference paper","Final","","Scopus","2-s2.0-84873555187"
"Fukuda T.; Maruyoshi M.","Fukuda, Tetsuya (58479177300); Maruyoshi, Masahiro (10738935400)","58479177300; 10738935400","Research and Development of Co-simulation Technology for Attaining Inclusive Sustainability","2023","NTT Technical Review","21","4","","38","42","4","2","10.53829/ntr202304fa5","https://www.scopus.com/inward/record.uri?eid=2-s2.0-85164286545&doi=10.53829%2fntr202304fa5&partnerID=40&md5=4dd056acf84189d3861985b3a229e6bd","To achieve inclusive sustainability, policies must be drafted and evaluated with an understanding of the interactions among the environment, economy, and society. To address this issue, NTT Human Informatics Laboratories is reproducing the environment, economy, and society on computers and using these simulations to evaluate policies. This article gives an overview of a co-simulation technology that will enable multiple simulation models to work together to achieve this goal. It also introduces prototyping of policy evaluation and discusses future prospects for this technology. © 2023 Nippon Telegraph and Telephone Corp.. All rights reserved.","co-simulation; sustainability; system of systems","System of systems; Cosimulation; Economy and society; Future prospects; Informatics; Policy evaluation; Research and development; Simulation model; Simulation technologies; Sustainability policy; System-of-systems; Sustainable development","Article","Final","","Scopus","2-s2.0-85164286545"
"Nageler P.; Schweiger G.; Schranzhofer H.; Heimrath R.; Mach T.; Fochler L.M.; Hochenauer C.; Fluch J.; Leusbrock I.; Fink C.","Nageler, Peter (57195245963); Schweiger, Gerald (57193350968); Schranzhofer, Hermann (55504427100); Heimrath, Richard (36514779600); Mach, Thomas (56397828200); Fochler, Lisa Marie (57224358821); Hochenauer, Christoph (55939520800); Fluch, Jürgen (55515617800); Leusbrock, Ingo (25030395400); Fink, Christian (56122190500)","57195245963; 57193350968; 55504427100; 36514779600; 56397828200; 57224358821; 55939520800; 55515617800; 25030395400; 56122190500","Co-simulation workflow for the dynamic modelling and simulation of large-scale district energy systems","2019","Building Simulation Conference Proceedings","6","","","3698","3705","7","5","","https://www.scopus.com/inward/record.uri?eid=2-s2.0-85105581957&partnerID=40&md5=5d0dca6e892538af57a88a8b24ce8491","With the increasing complexity of urban energy systems, the requirements for modelling and simulation methods have increased. Co-simulation is a promising approach for carrying out system simulations, in which the respective sub systems are modelled using tailored tools. This paper presents a workflow for dynamic simulation of large-scale district energy systems introducing three main improvements compared to the state of the art: i) The data preparation was carried out using Vectorworks and QGIS; ii) A novel pipe-laying algorithm with grid dimensioning is introduced; iii) A co-simulation framework was applied to assess energy supply variations. The tools Dymola, IDA ICE and TRNSYS are thus coupled using cosimulation. The framework was applied on a virtual district: Different energy supply strategies were compared and the temperature increase due to global warming on the energy supply was investigated. © (2019) by International Building Performance Simulation Association (IBPSA) All rights reserved.","","Global warming; Data preparation; District energy systems; Energy supplies; Modelling and simulations; State of the art; System simulations; Temperature increase; Urban energy systems; Energy resources","Conference paper","Final","","Scopus","2-s2.0-85105581957"
"Chhabra S.; Lata K.","Chhabra, Surbhi (57192687700); Lata, Kusum (35743015300)","57192687700; 35743015300","Hardware software co-simulation of obfuscated 128-bit AES algorithm for image processing applications","2018","Proceedings - 2018 IEEE 4th International Symposium on Smart Electronic Systems, iSES 2018","","","8719373","191","194","3","8","10.1109/iSES.2018.00049","https://www.scopus.com/inward/record.uri?eid=2-s2.0-85067095753&doi=10.1109%2fiSES.2018.00049&partnerID=40&md5=b709fd651dbb3eb32297323f37c76f3e","With the rapid advancement of communication technology, secure data transfer has become the primary concern for every communication system. Advanced Encryption Standard (AES) has been proved to be useful and effective for providing high security to the image processing applications. In this paper, Active Fixed Hardware Obfuscation based secure 128-bit AES algorithm is proposed for improving the security aspects of image data transfer. The proposed method adopts the classic framework of Xilinx System Generator (XSG) which uses Vivado 2016.2 and MATLAB 2015b. Hardware Software Co-simulation is done using XSG on Xilinx 7000 SoC FPGA ZedBoard. Extensive simulation results using various test cases demonstrate the effectiveness and robustness of the proposed method. Security analysis results in terms of Histogram analysis, Adjacent Pixel Auto-Correlation Test and Information Entropy Test show that the encryption quality of the proposed method reaches the current state of the arts. Simulation results show that the proposed method offers 1.49% of area overhead with respect to original AES design. The proposed method exhibits throughput of 5.48Gbps. © 2018 IEEE.","Active Obfuscation; AES; Image Processing; PN sequence generator; Xilinx System Generator; ZedBoard","Application programs; Data privacy; Data transfer; Image enhancement; Image processing; MATLAB; Quality control; System-on-chip; Active Obfuscation; Advanced Encryption Standard; Hardware-software co-simulation; Image processing applications; PN sequence; Xilinx system generator; Xilinx system generators (XSG); ZedBoard; Cryptography","Conference paper","Final","","Scopus","2-s2.0-85067095753"
"Mihal P.; Schvarcbacher M.; Rossi B.; Pitner T.","Mihal, Peter (57188667154); Schvarcbacher, Martin (57197745652); Rossi, Bruno (8935277000); Pitner, Tomáš (25654312500)","57188667154; 57197745652; 8935277000; 25654312500","Smart grids co-simulations: Survey & research directions","2022","Sustainable Computing: Informatics and Systems","35","","100726","","","","18","10.1016/j.suscom.2022.100726","https://www.scopus.com/inward/record.uri?eid=2-s2.0-85128485628&doi=10.1016%2fj.suscom.2022.100726&partnerID=40&md5=26ad4a6c81634f536ef3adb6b964cc73","The integration of renewable sources, communication and power networks with information and communication technologies is one of the main challenges in Smart Grids (SG) large-scale testing. For this reason, the coupling of simulators is commonly used to dynamically simulate several aspects of the SG infrastructure, in the so-called co-simulations. In this paper, we provide a scoping review of research of co-simulations in the context of Smart Grids: i) research areas and research problems addressed by co-simulations, ii) specific co-simulation aspects focus of research, iii) typical coupling of simulators in co-simulation studies. Based on the results, we discuss research directions of future SG co-simulation research in each of the identified areas. © 2022 The Authors","Co-simulations; Power grids; Power simulations; Scoping study; Smart grids; Survey research","Integration testing; Smart power grids; Surveys; Communications networks; Cosimulation; Power networks; Power simulation; Renewable Power; Renewable sources; Scoping; Scoping study; Smart grid; Survey research; Electric power transmission networks","Short survey","Final","All Open Access; Hybrid Gold Open Access","Scopus","2-s2.0-85128485628"
"Tariq M.U.; Swenson B.P.; Narasimhan A.P.; Grijalva S.; Riley G.F.; Wolf M.","Tariq, Muhammad Umer (55418208500); Swenson, Brian Paul (57213846852); Narasimhan, Arun Padmanabhan (56313466700); Grijalva, Santiago (6602833144); Riley, George F. (7102483006); Wolf, Marilyn (35996182000)","55418208500; 57213846852; 56313466700; 6602833144; 7102483006; 35996182000","Cyber-physical co-simulation of smart grid applications using NS-3","2014","ACM International Conference Proceeding Series","","","8","","","","6","10.1145/2630777.2630785","https://www.scopus.com/inward/record.uri?eid=2-s2.0-84905646532&doi=10.1145%2f2630777.2630785&partnerID=40&md5=2278fd28e4d09651f1344eb8e9d207b1","In this paper, we present a simulation tool that supports co-simulation of the cyber and physical aspects of an electric smart grid. This cyber-physical co-simulator combines a state-of-the-art network simulator, ns-3, and a state-of-the-art power system simulator, PowerWorld. This combination has been achieved by extending ns-3 with a power system module, a physical system interface module, and a cybersystem module. We present the details of these new modules as well as a case study of the application of the co-simulation tool using a demand response scenario. Copyright ACM.","Co-Simulation; Network Simulation; Ns-3; PowerWorld; Smart Grid","Simulators; Cosimulation; Network simulation; Ns-3; PowerWorld; Smart grid; Smart power grids","Conference paper","Final","","Scopus","2-s2.0-84905646532"
"Bjerge K.; Larsen P.G.","Bjerge, Kim (35738351300); Larsen, Peter Gorm (7401562142)","35738351300; 7401562142","Using VDM in a co-simulation setting for an industrial conveyor system","2013","Proceedings of the IASTED International Conference on Modelling, Identification and Control","","","","344","351","7","0","10.2316/P.2013.794-005","https://www.scopus.com/inward/record.uri?eid=2-s2.0-84875798865&doi=10.2316%2fP.2013.794-005&partnerID=40&md5=a47b02bd22d9c7440c7e844cb69d1a31","This paper describes an industrial application of a new research technology enabling the co-simulation of models in both continuous-time and discrete-event formalisms. Continuous-time modelling uses the Bond graph formalism and a tool called 20-sim while discrete-event modelling uses the VDM formalism and the Overture tool. This work also incorporates a semi-formal graphical overview notation called SysML. The actual application concerns modelling of a conveyor system containing trolleys with the ability to tilt. This technique can be used to compensate for high speeds in curves in order to avoid parcels falling of the trolleys. The main challenge for this kind of physical system is that a system solution requires both insight into the mechanical behaviour as well as ways in which the system can be controlled discretely by a software based solution. This paper demonstrates how it is possible to bridge the gap between these two different disciplines when using co-simulated models.","Bond graph modelling; Co-simulation; Control engineering applications; Formal modelling","Continuous time systems; Conveyors; Graph theory; Identification (control systems); Industrial applications; Bond graph modelling; Control engineering; Cosimulation; Formal modelling; Industrial conveyors; Mechanical behaviour; Research technologies; Software-based solutions; Discrete event simulation","Conference paper","Final","","Scopus","2-s2.0-84875798865"
"Bossa B.; Boulbene B.; Dubé S.; Pantel M.","Bossa, Benjamin (34876265800); Boulbene, Benjamin (54953346300); Dubé, Sébastien (57205101017); Pantel, Marc (57192388660)","34876265800; 54953346300; 57205101017; 57192388660","Towards a co-simulation based model assessment process for system architecture","2018","Lecture Notes in Computer Science (including subseries Lecture Notes in Artificial Intelligence and Lecture Notes in Bioinformatics)","11176 LNCS","","","58","68","10","2","10.1007/978-3-030-04771-9_6","https://www.scopus.com/inward/record.uri?eid=2-s2.0-85058501363&doi=10.1007%2f978-3-030-04771-9_6&partnerID=40&md5=908a7e4f09cb0d0c096721b29eaa8166","Model Based System Engineering and early Validation & Verification are now key enablers for the development of complex systems. However, the current state of the art is not sufficient to achieve a seamless use in an Extended Enterprise (EE) context. Indeed, the various stakeholders must protect their Intellectual Property (IP) while conducting system wide design exploration that relies on each part of the system. Co-simulation standards such as Functional Mock-up Interface provide technological assets to deal with IP management issues for an EE organization. However, this standard is not meant to provide reference processes to support such organizations. We target the development of such a common process based on both the system of interest design models and the EE architecture. The purpose is to build a Simulation Reference Model as a requirement model for the whole co-simulation, the derived IP-protected co-simulation components and the co-simulation platform architecture as well as the method for the validation of system models. We propose to extend the work done for the Model Identity Card and rely on detailed domain specific engineering ontologies and quantitative quality properties for models to express the requirements for the co-simulation components and to reduce the simulation quality loss induced by the co-simulation technologies. © Springer Nature Switzerland AG 2018.","(co-)simulation; Extended Enterprise; MBSE; Quality","Application programs; Image quality; Internet protocols; (co-)simulation; Design Exploration; Engineering ontologies; Extended enterprise; MBSE; Model-based system engineerings; Requirement modeling; System architectures; Computer architecture","Conference paper","Final","","Scopus","2-s2.0-85058501363"
"Santi L.; Castro R.","Santi, Lucio (58447126700); Castro, Rodrigo (57190172363)","58447126700; 57190172363","A Co-simulation technique for efficient particle tracking using hybrid numerical methods with application in high energy physics","2018","Proceedings - Winter Simulation Conference","2018-December","","8632200","1322","1333","11","2","10.1109/WSC.2018.8632200","https://www.scopus.com/inward/record.uri?eid=2-s2.0-85062615626&doi=10.1109%2fWSC.2018.8632200&partnerID=40&md5=d8ba697dec3c24c176d20907f6d2f0dd","Particle tracking in physical systems is a well known simulation challenge in many domains. In particular, High Energy Physics (HEP) demand efficient simulations of charged particles moving throughout complex detector geometries in a magnetic field. Quantized State Systems (QSS) is a modern family of hybrid numerical methods that provides attractive performance features for these problems. Its state-of-the-art implementation is the general-purpose QSS Solver toolkit. Meanwhile, Geant4 is the most widely used platform for computational particle physics, embedding vast amounts of physics domain knowledge. Yet, Geant4 relies rigidly on classic discrete time numerical methods. In this work we present a robust co-simulation technique to apply QSS in the simulation of HEP experiments, thus leveraging the best of both toolkits. We obtained speedups of up to three times in synthetic, yet representative scenarios, and a competitive performance in a difficult benchmark modeled after the Compact Muon Solenoid (CMS) particle detector at CERN. © 2018 IEEE","","Charged particles; Medical imaging; Numerical methods; Solenoids; Complex detectors; Cosimulation; Detector geometry; Efficient simulation; High-energy physics; Hybrid numerical method; Particle tracking; Physical systems; Quantized state systems; Simulation technique; Benchmarking","Conference paper","Final","","Scopus","2-s2.0-85062615626"
"Kabylkas N.; Thorn T.; Srinath S.; Xekalakis P.; Renau J.","Kabylkas, Nursultan (57221150226); Thorn, Tommy (58796720100); Srinath, Shreesha (59041285000); Xekalakis, Polychronis (23398864900); Renau, Jose (6602507801)","57221150226; 58796720100; 59041285000; 23398864900; 6602507801","Effective processor verification with logic fuzzer enhanced co-simulation","2021","Proceedings of the Annual International Symposium on Microarchitecture, MICRO","","","","667","678","11","13","10.1145/3466752.3480092","https://www.scopus.com/inward/record.uri?eid=2-s2.0-85118833579&doi=10.1145%2f3466752.3480092&partnerID=40&md5=e07c0b55722d1b81831c6f5402a23a43","The study on verification trends in the semiconductor industry shows that the design complexity is increasing, fewer companies achieve first silicon success and need more spins before production, companies hire more verification engineers, and 53% of the whole hardware-design-cycle is spent on the design verification [18]. The cost of a respin is high, and more than 40% of the cases that contribute to it are post-fabrication functional bug exposures [16]. The study also shows that 65% of verification engineers' time is spent on debug, test creation, and simulation [17]. This paper presents a set of tools for RISC-V processor verification engineers that help to expose more bugs before production and increase the productivity of time spent on debugging, test creation and simulation. We present Logic Fuzzer (LF), a novel tool that expands the verification space exploration without the creation of additional verification tests. The LF randomizes the states or control signals of the designunder- test at the places that do not affect functionality. It brings the processor execution outside its normal flow to increase the number of microarchitectural states exercised by the tests. We also present Dromajo, the state of the art processor verification framework for RISC-V cores. Dromajo is an RV64GC emulator that was designed specifically for co-simulation purposes. It can boot Linux, handle external stimuli, such as interrupts and debug requests on the fly, and can be integrated into existing testbench infrastructure with minimal effort. We evaluate the effectiveness of the tools on three RISC-V cores: CVA6, BlackParrot, and BOOM. Dromajo by itself found a total of nine bugs. The enhancement of Dromajo with the Logic Fuzzer increases the exposed bug count to thirteen without creating additional verification tests. © 2021 Association for Computing Machinery.","Co-simulation; Enhanced simulation; Microprocessor verification; RISC-V","Computer circuits; Computer operating systems; Engineers; Program debugging; Semiconductor device manufacture; Space research; Cosimulation; Design complexity; Enhanced simulation; Microprocessor verification; Production companies; RISC-V; Semiconductor industry; V core; Verification engineers; Verification tests; Integrated circuit design","Conference paper","Final","All Open Access; Bronze Open Access","Scopus","2-s2.0-85118833579"
"Hardy T.D.; Palmintier B.; Top P.L.; Krishnamurthy D.; Fuller J.C.","Hardy, Trevor D. (54788960400); Palmintier, Bryan (6505867684); Top, Philip L. (23092381500); Krishnamurthy, Dheepak (56514897600); Fuller, Jason C. (36650696100)","54788960400; 6505867684; 23092381500; 56514897600; 36650696100","HELICS: A Co-Simulation Framework for Scalable Multi-Domain Modeling and Analysis","2024","IEEE Access","12","","","24325","24347","22","4","10.1109/ACCESS.2024.3363615","https://www.scopus.com/inward/record.uri?eid=2-s2.0-85184830024&doi=10.1109%2fACCESS.2024.3363615&partnerID=40&md5=1a377c87502d1fcba8b5e6df31b25c32","As both the generation resources and load types have changed and grown over the past few decades, there is a growing need for analysis that spans traditional simulation boundaries; for example, evaluating the impact of distribution-level assets (e.g. rooftop solar, EV chargers) on bulk-power system operation. Co-simulation is a technique that allows simulators to trade information during run-time, effectively creating larger and more complex models. HELICS is a co-simulation platform that has been developed to enable these kinds of power system analysis, incorporating tools from a variety of domains including the electrical power grid, natural gas, transportation, and communications. This paper summarizes the technical design of HELICS, describes how tools can be integrated into the platform, and reviews a number of analyses that have been performed using HELICS. A short video summary of this paper can be found at https://youtu.be/BIUiR-K87Wc.  © 2013 IEEE.","co-simulation; energy system analysis; HELICS; multi-domain analysis; multi-energy analysis; natural gas; Power system analysis computing; power system simulation; transportation","Computing power; Electric loads; Natural gas; Systems analysis; Cosimulation; Domain analysis; Energy analysis; Energy systems analysis; HELICS; Multi energy; Multi-domain analyse; Multi-domains; Multi-energy analyse; Power system analyse computing; Power systems analysis; Power systems simulation; System Analysis Computing; Electric power distribution","Article","Final","All Open Access; Gold Open Access","Scopus","2-s2.0-85184830024"
"Bai Z.; Wu G.; Qi X.; Liu Y.; Oguchi K.; Barth M.J.","Bai, Zhengwei (57207734625); Wu, Guoyuan (55483767300); Qi, Xuewei (56514507100); Liu, Yongkang (57441662100); Oguchi, Kentaro (23005767300); Barth, Matthew J. (56028681700)","57207734625; 55483767300; 56514507100; 57441662100; 23005767300; 56028681700","Cyber Mobility Mirror for Enabling Cooperative Driving Automation in Mixed Traffic: A Co-Simulation Platform","2023","IEEE Intelligent Transportation Systems Magazine","15","2","","251","265","14","4","10.1109/MITS.2022.3203662","https://www.scopus.com/inward/record.uri?eid=2-s2.0-85141482230&doi=10.1109%2fMITS.2022.3203662&partnerID=40&md5=68c6b859376a68665862c1e6df71c026","Endowed with automation and connectivity, connected and automated vehicles (CAVs) will be a revolutionary promoter for cooperative driving automation (CDA). Nevertheless, CAVs need high-fidelity perception information on their surroundings, which is available but costly to collect from various onboard sensors, as well as vehicle-to-everything communications. Therefore, authentic perception (AP) information based on high-fidelity sensors via a cost-effective platform is crucial for enabling CDA-related research, e.g., cooperative decision making or control. Most state-of-the-art traffic simulation studies for CAVs rely on the situation-awareness information by directly calling on intrinsic attributes of the objects, which impedes the reliability and fidelity of the assessment of CDA algorithms. In this study, a cyber mobility mirror (CMM) co-simulation platform is designed for enabling CDA by providing AP information. The CMM co-simulation platform can emulate the real world with a high-fidelity sensor perception system and the cyberworld with a real-time rebuilding system acting as a 'mirror' of the real-world environment. Concretely, the real-world simulator is mainly in charge of simulating the traffic environment, the sensors, and the AP process. The mirror-world simulator is responsible for representing objects and providing their information as intrinsic attributes of the simulator to support the development and evaluation of CDA algorithms. To illustrate the functionality of the proposed co-simulation platform, a roadside lidar-based vehicle perception system for enabling CDA is prototyped as a study case. Specific traffic environments and CDA tasks are designed for experiments whose results are demonstrated and analyzed to show the performance of the platform.  © 2009-2012 IEEE.","","Cost effectiveness; Decision making; Mirrors; Object detection; Optical radar; Simulation platform; Three dimensional displays; Vehicle to Everything; Vehicle to vehicle communications; Automated vehicles; Automation algorithms; Autonomous Vehicles; Cooperative driving; Cosimulation; High-fidelity; Objects detection; Real-world; Simulation platform; Three-dimensional display; Autonomous vehicles","Article","Final","All Open Access; Green Open Access","Scopus","2-s2.0-85141482230"
"Kim J.; Jung W.-S.; Kim N.","Kim, Jeongsik (56460462000); Jung, Woo-Sung (55413297400); Kim, Namhun (55463530100)","56460462000; 55413297400; 55463530100","Study on Modeling Formalism and Co-simulation for the System-level Test of Maritime Components","2023","International Conference on ICT Convergence","","","","1504","1506","2","0","10.1109/ICTC58733.2023.10392735","https://www.scopus.com/inward/record.uri?eid=2-s2.0-85184570512&doi=10.1109%2fICTC58733.2023.10392735&partnerID=40&md5=a7cc4cf55dc9972b583a2eb17cd4515c","The advance of information and communications technology has rapidly sophisticated maritime systems, while the development of a proper product for the enhanced system has become more difficult. System-level simulation has been becoming a key solution to find and verify the adequacy of products on a targeted complex system through the product life cycle. However, the reusability of simulation models is still limited. In this context, this paper studies the benefits from the introduction of a state-of-the-art modeling formalism to complement co-simulation approaches. This consideration can be utilized to facilitate the practical application of system-level simulation. © 2023 IEEE.","co-simulation; computational simulation; discrete event system specification; modeling formalism; system-level simulation","Discrete event simulation; Life cycle; Specifications; Computational simulation; Cosimulation; Discrete-Event System Specification; Information and Communication Technologies; Maritime component; Maritime systems; Modeling formalisms; Study on models; System level simulation; System-level test; Reusability","Conference paper","Final","","Scopus","2-s2.0-85184570512"
"Vogt M.; Marten F.; Montoya J.; Tobermann C.; Braun M.","Vogt, Mike (57016209300); Marten, Frank (55638068500); Montoya, Juan (57202587148); Tobermann, Christian (57016748400); Braun, Martin (55565624700)","57016209300; 55638068500; 57202587148; 57016748400; 55565624700","A REST based co-simulation interface for distributed simulations","2019","2019 IEEE Milan PowerTech, PowerTech 2019","","","8810661","","","","3","10.1109/PTC.2019.8810661","https://www.scopus.com/inward/record.uri?eid=2-s2.0-85072321824&doi=10.1109%2fPTC.2019.8810661&partnerID=40&md5=19ae19c026fa26af08b4efed02fc931c","Smart grid co-simulations are growing in popularity. A recent survey [1] showed their increasing usage for addressing complex questions regarding modern power systems. Coupling different models and simulations in a co-simulation allows for studying the complex behavior of smart grids or similar complex systems. One particular problem in such a scenario is the way the coupling is performed: this paper presents a reliable REST based web interface, to successfully couple simulations through standardized interfaces that are widely used in the internet. We are showing its capabilities and how disconnects are handled. Two applications are presented, demonstrating the versatility as well as the limits of such an interface. © 2019 IEEE.","Co-Simulation; Internet; REST; Smart Grids","Internet; Smart power grids; Complex questions; Cosimulation; Distributed simulations; REST; Smart grid; Standardized interfaces; Web interface; Electric power transmission networks","Conference paper","Final","","Scopus","2-s2.0-85072321824"
"Hafner I.; Popper N.","Hafner, Irene (55535452100); Popper, Niki (55535751000)","55535452100; 55535751000","On the terminology and structuring of Co-simulation methods","2017","ACM International Conference Proceeding Series","","","","67","76","9","19","10.1145/3158191.3158203","https://www.scopus.com/inward/record.uri?eid=2-s2.0-85041891698&doi=10.1145%2f3158191.3158203&partnerID=40&md5=e7dbc43f8dae0650cd7c914d2456d122","The need for holistic simulation of complex systems becomes more and more apparent, arising from different fields of application and approached by different scientific methods. This paper addresses the differences in terminology arising from these various origins, the levels on which they meet as well as an attempt on the classification and structuring of current state-of-the-art methods. © 2017 Copyright held by the owner/author(s).","Co-Simulation, Multirate Simulation","Terminology; Cosimulation; Multi-rate simulation; Scientific method; State-of-the-art methods; Modeling languages","Conference paper","Final","","Scopus","2-s2.0-85041891698"
"Gomes C.; Thule C.; Broman D.; Larsen P.G.; Vangheluwe H.","Gomes, Cláudio (56492272400); Thule, Casper (57192386963); Broman, David (18036903200); Larsen, Peter Gorm (7401562142); Vangheluwe, Hans (6602402077)","56492272400; 57192386963; 18036903200; 7401562142; 6602402077","Co-simulation: A survey","2019","ACM Computing Surveys","51","3","49","","","","278","10.1145/3179993","https://www.scopus.com/inward/record.uri?eid=2-s2.0-85051436184&doi=10.1145%2f3179993&partnerID=40&md5=df7f2f5969d79491cf9fb04aed3337ae","Modeling and simulation techniques are today extensively used both in industry and science. Parts of larger systems are, however, typically modeled and simulated by different techniques, tools, and algorithms. In addition, experts from different disciplines use various modeling and simulation techniques. Both these facts make it difficult to study coupled heterogeneous systems. Co-simulation is an emerging enabling technique, where global simulation of a coupled system can be achieved by composing the simulations of its parts. Due to its potential and interdisciplinary nature, cosimulation is being studied in different disciplines but with limited sharing of findings. In this survey, we study and survey the state-of-the-art techniques for co-simulation, with the goal of enhancing future research and highlighting the main challenges. To study this broad topic, we start by focusing on discrete-event-based co-simulation, followed by continuous-time-based co-simulation. Finally, we explore the interactions between these two paradigms, in hybrid co-simulation. To survey the current techniques, tools, and research challenges, we systematically classify recently published research literature on co-simulation, and summarize it into a taxonomy. As a result, we identify the need for finding generic approaches for modular, stable, and accurate coupling of simulation units, as well as expressing the adaptations required to ensure that the coupling is correct. C 2018 ACM. © 2018 Association for Computing Machinery. All rights reserved.","Co-simulation; Compositionality; Simulation","Continuous time systems; Compositionality; Cosimulation; Coupled systems; Enabling techniques; Global simulation; Heterogeneous systems; Large system; Modeling and simulation techniques; Simulation; State-of-the-art techniques; Surveys","Review","Final","All Open Access; Green Open Access","Scopus","2-s2.0-85051436184"
"Yi T.; Feng L.; Qi W.; Bin C.; Ming N.","Yi, Tang (57193256234); Feng, Li (57193013410); Qi, Wang (57221577185); Bin, Chen (59074606600); Ming, Ni (7102383797)","57193256234; 57193013410; 57221577185; 59074606600; 7102383797","Overview of the co-simulation methods for power and communication system","2016","2016 IEEE International Conference on Real-Time Computing and Robotics, RCAR 2016","","","7784007","94","98","4","7","10.1109/RCAR.2016.7784007","https://www.scopus.com/inward/record.uri?eid=2-s2.0-85010066685&doi=10.1109%2fRCAR.2016.7784007&partnerID=40&md5=b2f1786cc31d0916376310bf5e2ef9f8","Smart grid is a space-time multidimensional heterogeneous system integrated with cyber system and power system. Because of event-driven discrete characteristic of communication system and continuous characteristic of power system, it is difficult to study power and communication hybrid system. In traditional researches, the model of either system was simplified and run in one single platform, while the accuracy and practicability of study results can't be guaranteed. Therefore, co-simulation methods have become a research hotspot which can be used to analyze complex dynamic performance of power and communication hybrid system. This paper summarizes existing co-simulation methods by classifying them into three types: unified simulation methods, non-real-time simulation methods and real-time simulation methods. Simulation tools, system architecture and data synchronization problems are also overviewed and analyzed in detail. In order to increase simulation precision and efficiency, a new time synchronization method based on state cache is proposed. © 2016 IEEE.","","Electric power transmission networks; Hybrid systems; Robotics; Transients; Complex dynamics; Data synchronization; Heterogeneous systems; Non real time; Real time simulations; Single platform; System architectures; Time synchronization; Smart power grids","Conference paper","Final","","Scopus","2-s2.0-85010066685"
"Van Der Meer A.A.; Schwarz J.S.; Heussen K.","Van Der Meer, Arjen A. (36651683000); Schwarz, Jan Soren (57195106835); Heussen, Kai (35219098300)","36651683000; 57195106835; 35219098300","Qualification of Initialisation Challenges in Co-Simulation setups for Integrated Energy Systems","2022","2022 10th Workshop on Modelling and Simulation of Cyber-Physical Energy Systems, MSCPES 2022","","","","","","","0","10.1109/MSCPES55116.2022.9770106","https://www.scopus.com/inward/record.uri?eid=2-s2.0-85130723509&doi=10.1109%2fMSCPES55116.2022.9770106&partnerID=40&md5=c3b5d7ff68c5eed6997888a842c99f9e","Co-simulation is an important tool to capture the complexity of cyber-physical energy systems. The past decade lead us from command-line simulation orchestration to higher readiness-levels in terms of applicability. The configuration and time-domain initialisation of generic co-simulation setups, however, entail a lot of manual activities, especially when simulation components are tightly coupled. This paper provides a qualitative overview on what initialisation challenges crop up and how tools like mosaik can tackle these. This is illustrated with a multi-domain co-simulation example, in which the same time loop concept is applied to resolve cyclic dependencies between simulators during initialisation. The paper provides conclusions about the applicability of same time loops for initialisation purposes and will provide directions for further research on this topic. © 2022 IEEE.","","Command line; Configuration domains; Cosimulation; Cyber physicals; Energy systems; Integrated energy systems; Physical energy; Readiness levels; Simulation components; Time domain","Conference paper","Final","All Open Access; Green Open Access","Scopus","2-s2.0-85130723509"
"Ciraci S.; Daily J.; Agarwal K.; Fuller J.; Marinovici L.; Fisher A.","Ciraci, Selim (24829360900); Daily, Jeff (22979082200); Agarwal, Khushbu (36154401100); Fuller, Jason (36650696100); Marinovici, Laurentiu (24478916400); Fisher, Andrew (56196125500)","24829360900; 22979082200; 36154401100; 36650696100; 24478916400; 56196125500","Synchronization algorithms for co-simulation of power grid and communication networks","2015","Proceedings - IEEE Computer Society's Annual International Symposium on Modeling, Analysis, and Simulation of Computer and Telecommunications Systems, MASCOTS","2015-February","February","7033673","355","364","9","11","10.1109/MASCOTS.2014.51","https://www.scopus.com/inward/record.uri?eid=2-s2.0-84937878961&doi=10.1109%2fMASCOTS.2014.51&partnerID=40&md5=3fe00b6d6ec02eeebdf0174c6b1a9349","The ongoing modernization of power grids consists of integrating them with communication networks in order to achieve robust and resilient control of grid operations. To understand the operation of the new smart grid, one approach is to use simulation software. Unfortunately, current power grid simulators at best utilize inadequate approximations to simulate communication networks, if at all. Cooperative simulation of specialized power grid and communication network simulators promises to more accurately reproduce the interactions of real smart grid deployments. However, co-simulation is a challenging problem. A co-simulation must manage the exchange of information, including the synchronization of simulator clocks, between all simulators while maintaining adequate computational performance. This paper describes two new conservative algorithms for reducing the overhead of time synchronization, namely Active Set Conservative and Reactive Conservative. We provide a detailed analysis of their performance characteristics with respect to the current state of the art including both conservative and optimistic synchronization algorithms. In addition, we provide guidelines for selecting the appropriate synchronization algorithm based on the requirements of the co-simulation. The newly proposed algorithms are shown to achieve as much as 14% and 63% improvement in performance, respectively, over the existing conservative algorithm. © 2014 IEEE.","co-simulation; smart grid; synchronization algorithms","Computer software; Cooperative communication; Electric power system control; Simulators; Smart power grids; Synchronization; Telecommunication networks; Computational performance; Cosimulation; Exchange of information; Modernization of power grid; Optimistic synchronization algorithms; Performance characteristics; Smart grid; Synchronization algorithm; Electric power transmission networks","Conference paper","Final","","Scopus","2-s2.0-84937878961"
"Pieper T.; Obermaisser R.","Pieper, Tobias (57194277328); Obermaisser, Roman (9733588000)","57194277328; 9733588000","Distributed co-simulation for software-in-the-loop testing of networked railway systems","2018","2018 7th Mediterranean Conference on Embedded Computing, MECO 2018 - Including ECYPS 2018, Proceedings","","","","1","5","4","7","10.1109/MECO.2018.8406023","https://www.scopus.com/inward/record.uri?eid=2-s2.0-85050654672&doi=10.1109%2fMECO.2018.8406023&partnerID=40&md5=ba4cd4787b7379700b58ca3239f42156","Software-in-the-loop (SIL) is a common methodology for repeatable and controllable component testing during the development process of complex systems. Testing the integration of distributed embedded systems is accomplished on a network centric abstraction level. However, todays state-of-the-art is missing a solution for the railway domain which couples local simulations via the Internet or LANs to support those tests between companies. The framework proposed in this paper is based on the simulation standards FMI (Functional Mock-up Interface) and HLA (High Level Architecture). They are combined with further mechanisms for configuration, delay-management, fault-injection, monitoring and simulation control. This solution enables SIL testing via the Internet without sharing any software. Hence, it facilitates the interplay between different railway manufacturers and allows early integration tests wherefore testing effort and time can be reduced compared to today. © 2018 IEEE.","","Embedded systems; Railroad transportation; Railroads; Abstraction level; Development process; Distributed co-simulation; Distributed embedded system; High level architecture; Simulation control; Software in the loop(SIL); Software in the loops; Integration testing","Conference paper","Final","","Scopus","2-s2.0-85050654672"
"Basciani F.; Cortellessa V.; Di Martino S.; Di Nucci D.; Dipompeo D.; Gravino C.; Starace L.L.L.","Basciani, Francesco (56426959300); Cortellessa, Vittorio (6603764364); Di Martino, Sergio (9640416000); Di Nucci, Dario (57016777600); Dipompeo, Daniele (58360865100); Gravino, Carmine (8931993900); Starace, Luigi Libero Lucio (57211982059)","56426959300; 6603764364; 9640416000; 57016777600; 58360865100; 8931993900; 57211982059","ADAS Verification in Co-Simulation: Towards a Meta-Model for Defining Test Scenarios","2023","Proceedings - 2023 IEEE 16th International Conference on Software Testing, Verification and Validation Workshops, ICSTW 2023","","","","28","35","7","3","10.1109/ICSTW58534.2023.00018","https://www.scopus.com/inward/record.uri?eid=2-s2.0-85163119719&doi=10.1109%2fICSTW58534.2023.00018&partnerID=40&md5=356ad1a08e91af36e0e4658686e22009","Advanced Driver Assistance Systems (ADAS) are becoming mandatory for novel vehicles in many nations, as they are widely recognized as a key strategy to improve road safety. Due to their safety-critical nature, ADAS must guarantee the highest safety standards. Nevertheless, the verification and validation of these systems, which are often based on Artificial Intelligence techniques, is a pain point for the automotive industry, as field evaluations are not economically and temporally viable. Furthermore, the widely used Model-in-the-Loop (MiL) validation paradigm struggles when applied to novel ADAS due to the complexity of the scenarios to simulate. A strategy recently proposed in the literature to face this issue is co-simulation, namely the cooperation of a MiL framework with one or more tools, virtually simulating the environment around the vehicle. Although existing, these solutions are still highly tailored, requiring significant manual work to define testing scenarios, also due to the lack of a solid reference framework.This paper presents a preliminary model-based framework to support the design of co-simulation test scenarios for ADAS, featuring model-based testing assertions through first-order logic formulas. The proposed framework includes a visual editor which empowers domain experts to easily design test scenarios that can be automatically executed using the state-of-the-art virtual environment simulator BeamNG. The solution presented in this paper is our first step towards defining a more comprehensive framework for testing ADAS in co-simulation, providing an environment where testers are not burdened with the time-consuming and low-level task of manually defining each aspect of the virtual testbed. © 2023 IEEE.","ADAS Testing; Co-simulation; Model-based Testing; Visual Editor","Automobile drivers; Automotive industry; Model checking; Motor transportation; Safety engineering; Advanced driver assistance system testing; Cosimulation; Meta model; Metamodeling; Model based testing; Model in the loops; System testing; System verifications; Test scenario; Visual editors; Advanced driver assistance systems","Conference paper","Final","","Scopus","2-s2.0-85163119719"
"Ma J.; Panic D.; Yus R.; Bouloukakis G.","Ma, Jun (58802476900); Panic, Dimitrije (59000651800); Yus, Roberto (54793794800); Bouloukakis, Georgios (55886963300)","58802476900; 59000651800; 54793794800; 55886963300","Co-zyBench: Using Co-Simulation and Digital Twins to Benchmark Thermal Comfort Provision in Smart Buildings","2024","2024 IEEE International Conference on Pervasive Computing and Communications, PerCom 2024","","","","25","35","10","2","10.1109/PerCom59722.2024.10494430","https://www.scopus.com/inward/record.uri?eid=2-s2.0-85191257457&doi=10.1109%2fPerCom59722.2024.10494430&partnerID=40&md5=cb2e3b4fd7b7069ecbcaa71b8c29dde1","Heating, Ventilation, and Air Conditioning (HVAC) systems account for 40% to 50% of energy usage in commercial buildings. Thus, innovative ways to control and manage HVAC systems while preserving occupants' comfort are required. State-of-the-art solutions employ pervasive systems with sensors or smart devices to gauge individual thermal sensations, yet assessing these methods is challenging. Real-world experiments are expensive, limited in access, and often overlook occupant and regional diversity. To address this, we introduce Co-zyBench, a benchmark tool using a Digital Twin (DT) approach for evaluating personalized thermal comfort systems. It employs a co-simulation middleware interfacing between a DT of the smart building and its HVAC system and another DT representing occupants' dynamic thermal preferences in various spaces. The DTs that support Co-zyBench are generated based on information, including data captured by sensors, of the space in which the thermal comfort system has to be evaluated. Co-zyBench incorporates metrics for energy consumption, thermal comfort, and occupant equality. It also features reference DTs based on standard buildings, HVAC systems, and occupants with diverse thermal preferences.  © 2024 IEEE.","benchmarking; digital twin; energy consumption; personalized thermal comfort","HVAC; Middleware; Office buildings; Thermal comfort; Commercial building; Conditioning systems; Cosimulation; Energy usage; Energy-consumption; Heating ventilation and air conditioning; Occupant comforts; Personalized thermal comfort; State of the art; Thermal preferences; Energy utilization","Conference paper","Final","All Open Access; Green Open Access","Scopus","2-s2.0-85191257457"
"Bhattarai B.; Marinovici L.; Tuffner F.; Schneider K.; Fan X.; Rutz F.; Kandaperumal G.","Bhattarai, Bishnu (56028240600); Marinovici, Laurentiu (24478916400); Tuffner, Francis (8620698900); Schneider, Kevin (56212419600); Fan, Xiaoyuan (57201879873); Rutz, Frederick (12797472800); Kandaperumal, Gowtham (57210202710)","56028240600; 24478916400; 8620698900; 56212419600; 57201879873; 12797472800; 57210202710","Prototypical communication systems for electrical distribution system analysis: Design basis and exemplification through co-simulation","2022","IET Smart Grid","5","5","","363","379","16","2","10.1049/stg2.12075","https://www.scopus.com/inward/record.uri?eid=2-s2.0-85132349087&doi=10.1049%2fstg2.12075&partnerID=40&md5=0236ef29a68ca4893b5bdcab77241ec9","This paper develops prototypical communication system (PCS) models to support the analysis of electric distribution systems dependency on communication. Though there exist representative and prototypical distribution test systems, i.e., IEEE test feeders and the taxonomy of prototypical feeders, there are no standard definitions of communication systems appropriate for studies of system interdependence. To accurately represent the impact communication systems have on electric distribution system operations, the paper introduces the design basis for developing PCS models highlighting key characteristics of communication systems architectures and commonly-deployed technologies. It follows with functional definitions, implementations, and an example of how PCSs can be used for system analysis. The approach leverages existing open-source modeling and simulation tools. Co-simulation is achieved with ns-3 for PCSs, GridLAB-D\textsuperscript{\texttrademark} for distribution systems, and Python\textsuperscript{\texttrademark} for distribution system control centers. The Hierarchical Engine for Large-Scale Infrastructure Co-simulation (HELICS) environment is used to federate these individual simulators. It allows for different PCSs to be integrated with distribution systems and analyzed in different scenarios. This underlines the importance of correctly identifying network topologies and technologies and their impact on the system control strategies. Though this work uses specific tools development and implementation, the PCS models can be used in other simulation environments. © 2022 Battelle Memorial Institute. IET Smart Grid published by John Wiley & Sons Ltd on behalf of The Institution of Engineering and Technology.","","Computer software; Open systems; Communications systems; Cosimulation; Design basis; Distribution system analysis; Distribution systems; Electric distribution systems; Electrical distribution system; Simulation environment; System control; System models; Systems analysis","Article","Final","All Open Access; Gold Open Access","Scopus","2-s2.0-85132349087"
"Signorini G.; Siviero C.; Grivet-Talocia S.; Stievano I.S.","Signorini, G. (56038763200); Siviero, C. (8275193800); Grivet-Talocia, S. (7003526566); Stievano, I.S. (6603211504)","56038763200; 8275193800; 7003526566; 6603211504","Power and Signal Integrity co-simulation via compressed macromodels of high-speed transceivers","2015","SPI 2015 - 19th IEEE Workshop on Signal and Power Integrity","","","7237385","","","","14","10.1109/SaPIW.2015.7237385","https://www.scopus.com/inward/record.uri?eid=2-s2.0-84957895126&doi=10.1109%2fSaPIW.2015.7237385&partnerID=40&md5=d6b65305e306b4f4f01f7d8754039ab9","This paper presents innovative compressed macro-models of high-speed digital transceivers for system-level Signal and Power Integrity co-simulations. These simulations assume a paramount importance for the design of modern, low-cost and highly integrated systems. An excellent accuracy and an outstanding run-time speed-up are demonstrated by applying the macromodeling methodology to a state-of-the-art I/O buffer for a low-power memory interface. Supply voltage variations and related effects on output transitions are accurately reproduced, enabling precise estimates of critical system-level timing margins. © 2015 IEEE.","","Interface states; Digital transceivers; High-speed transceivers; Integrated systems; Low-power memory; Output transition; Power and signal integrities; State of the art; Supply voltage variation; Transceivers","Conference paper","Final","","Scopus","2-s2.0-84957895126"
"Loupis M.","Loupis, Michael (57220285068)","57220285068","A toolset for the design of embedded systems, enabling HW/SW co-simulation, performance optimisation and source code generation","2017","4th Panhellenic Conference on Electronics and Telecommunications, PACET 2017","2018-January","","","1","4","3","0","10.1109/PACET.2017.8259981","https://www.scopus.com/inward/record.uri?eid=2-s2.0-85049444462&doi=10.1109%2fPACET.2017.8259981&partnerID=40&md5=c083235af63ceaa3d863d189849f96bb","In the context of MODUS project, several tools were developed for SMEs, to be used in their development process for different application domains. In this paper, the overview of the architecture of each one of these tools is presented, as included in the final version of the MODUS toolset and a use case scenario is presented. © 2017 IEEE.","development tools; embedded systems; h/w-s/w codesign","Electronics engineering; Electronics industry; Co-designs; Development process; Development tools; HW/SW co-simulation; Performance optimisation; Source code generation; Toolsets; Use case scenario; Embedded systems","Conference paper","Final","All Open Access; Green Open Access","Scopus","2-s2.0-85049444462"
"Al-Hammouri A.T.; Branicky M.S.; Liberatore V.","Al-Hammouri, Ahmad T. (12797381500); Branicky, Michael S. (7003847901); Liberatore, Vincenzo (6602838491)","12797381500; 7003847901; 6602838491","Co-simulation tools for networked control systems","2008","Lecture Notes in Computer Science (including subseries Lecture Notes in Artificial Intelligence and Lecture Notes in Bioinformatics)","4981 LNCS","","","16","29","13","39","10.1007/978-3-540-78929-1_2","https://www.scopus.com/inward/record.uri?eid=2-s2.0-70350038038&doi=10.1007%2f978-3-540-78929-1_2&partnerID=40&md5=61ee201cb49ccea6045698004064f538","In this paper, we argue that simulation of Networked Control Systems (NCSs) needs to be carried out through co-simulation, which requires the joint and simultaneous simulation of both physical and communication networks dynamics. Co-simulation enables construction of synthetic large-scale networks and workloads, replay of collected traces, and obtaining a complete snapshot of both the network behavior and the physical systems states. Therefore, co-simulation provides in-depth understanding of the interaction between communication networks and physical systems dynamics. In this paper, we overview three co-simulation tools that we have developed for NCS co-simulation. The first two tools are extensions to ns-2 called Agent/Plant and NSCSPlant; the third tool integrates Modelica and ns-2. For each tool, we present demonstrative case studies that highlight its capabilities. © 2008 Springer-Verlag Berlin Heidelberg.","","Hybrid systems; Case-studies; Cosimulation; In-depth understanding; Large-scale network; Modelica; Network behaviors; Networked Control Systems (NCSs); Physical systems; Networked control systems","Conference paper","Final","","Scopus","2-s2.0-70350038038"
"Krammer M.; Benedikt M.","Krammer, Martin (36185280800); Benedikt, Martin (55679805000)","36185280800; 55679805000","Design and application of a domain specific modeling language for distributed co-simulation","2019","IEEE International Conference on Industrial Informatics (INDIN)","2019-July","","8972116","677","682","5","5","10.1109/INDIN41052.2019.8972116","https://www.scopus.com/inward/record.uri?eid=2-s2.0-85079063116&doi=10.1109%2fINDIN41052.2019.8972116&partnerID=40&md5=329fecb67e322209a479c30edae8617f","Co-simulation is considered as a state-of-the-art methodology in many industrial domains. It enables virtual system development in distributed, multi-tiered environments, like the automotive industry. The Distributed Co-Simulation Protocol (DCP) is a novel specification of an application layer communication protocol. It is standardized next to the well-established Functional Mock-Up Interface (FMI). The DCP specification addresses design and behaviour of single DCP slaves, as main components of larger, possibly distributed, co-simulation scenarios. At this point in time, no tailor-made solution for convenient description of distributed co-simulation scenarios is available. This paper presents a first version of DCPML, a domain specific modeling language for distributed co-simulation scenarios. It is based on three layers of integration and contributes to development efficiency by following a front-loading approach. It is designed as a UML profile, extending existing visual notation languages like UML and SysML. The language can be used for design, communication, and preparation for execution, of distributed co-simulation scenarios. For demonstration purposes, it is implemented in an industry relevant systems engineering tool. DCPML models can be used to import and export XML data, representing DCP slave and scenario descriptions. A typical demonstrator from the automotive domain is shown. It highlights a tool implementation and the capabilities of DCPML. © 2019 IEEE.","Co-simulation; Dcp; Language; Modeling","Automotive industry; Computer simulation languages; Industrial informatics; Models; Specification languages; Specifications; Visual languages; Automotive domains; Cosimulation; Design and application; Distributed co-simulation; Domain specific modeling languages; Import and exports; Language; Scenario description; Modeling languages","Conference paper","Final","","Scopus","2-s2.0-85079063116"
"Li W.; Zhang X.; Li H.","Li, Weilin (36810023700); Zhang, Xiaobin (36810953600); Li, Huimin (35178183700)","36810023700; 36810953600; 35178183700","Co-simulation platforms for co-design of networked control systems: An overview","2014","Control Engineering Practice","23","1","","44","56","12","58","10.1016/j.conengprac.2013.10.010","https://www.scopus.com/inward/record.uri?eid=2-s2.0-84891110814&doi=10.1016%2fj.conengprac.2013.10.010&partnerID=40&md5=bc4df545bc4083220cb24dc0949adfbe","This paper gives an overview of the existing co-simulation platforms for co-design of networked control systems (NCSs). NCSs contain coupled control and communication perspectives. However, the existing simulators focus either on control systems or communication networks. In order to analyse the coupling effect from both sides, co-simulation method is under consideration as one of the most promising solutions. This paper briefly introduces the commonly used individual control and communication simulators. Then the existing co-simulation platforms have been reviewed and discussed. Synchronization technique is the key point toward co-simulation, thus different synchronization methods have also been summarized. Two sample case studies with results are provided to show the beneficial of co-simulations. © 2013 Elsevier Ltd.","Co-design; Co-simulation; Communication delay; Coupling of control and communication; Networked control systems","Communication; Design; Co-designs; Communication delays; Cosimulation; Coupled controls; Individual control; Networked Control Systems (NCSs); Synchronization method; Synchronization technique; Networked control systems","Article","Final","","Scopus","2-s2.0-84891110814"
"Zitney S.E.","Zitney, Stephen E. (6602296340)","6602296340","Process/equipment co-simulation for design and analysis of advanced energy systems","2010","Computers and Chemical Engineering","34","9","","1532","1542","10","34","10.1016/j.compchemeng.2010.02.011","https://www.scopus.com/inward/record.uri?eid=2-s2.0-77954533248&doi=10.1016%2fj.compchemeng.2010.02.011&partnerID=40&md5=ae3656ac1e4d5bc52931c4c71611645e","The grand challenge facing the power and energy industries is the development of efficient, environmentally friendly, and affordable technologies for next-generation energy systems. To provide solutions for energy and the environment, the U.S. Department of Energy's (DOE) National Energy Technology Laboratory (NETL) and its research partners in industry and academia are relying increasingly on the use of sophisticated computer-aided process design and optimization tools. In this paper, we describe recent progress toward developing an Advanced Process Engineering Co-Simulator (APECS) for the high-fidelity design, analysis, and optimization of energy plants. The APECS software system combines steady-state process simulation with multiphysics-based equipment simulations, such as those based on computational fluid dynamics (CFD). These co-simulation capabilities enable design engineers to optimize overall process performance with respect to complex thermal and fluid flow phenomena arising in key plant equipment items, such as combustors, gasifiers, turbines, and carbon capture devices. In this paper we review several applications of the APECS co-simulation technology to advanced energy systems, including coal-fired energy plants with carbon capture. This paper also discusses ongoing co-simulation R&D activities and challenges in areas such as CFD-based reduced-order modeling, knowledge management, advanced analysis and optimization, and virtual plant co-simulation. Continued progress in co-simulation technology - through improved integration, solution, and deployment - will have profound positive impacts on the design and optimization of high-efficiency, near-zero emission fossil energy systems. © 2010.","Co-simulation; Computational fluid dynamics; Fossil energy; Process simulation; Virtual engineering","Coal combustion; Computational fluid dynamics; Computer software; Flow of fluids; Fluid dynamics; Fluids; Fuzzy control; Knowledge management; Optimization; Process design; Technology; Advanced analysis; Advanced energy systems; Advanced process; Carbon capture; Co-simulation; Computer-aided process designs; Design and analysis; Design and optimization; Design engineers; Energy and the environment; Energy industry; Energy plant; Energy systems; Environmentally-friendly; Fluid flow; Fossil energy; Gasifiers; Grand Challenge; High efficiency; High fidelity; Multi-physics; National Energy Technology Laboratory; Near-zero emissions; Plant equipments; Process performance; Recent progress; Reduced-order modeling; Software systems; Steady state process; U.S. Department of Energy; Virtual engineering; Virtual plants; Design","Article","Final","","Scopus","2-s2.0-77954533248"
"Wetter M.","Wetter, Michael (6603637286)","6603637286","Co-simulation of building energy and control systems with the building controls virtual test bed","2011","Journal of Building Performance Simulation","4","3","","185","203","18","356","10.1080/19401493.2010.518631","https://www.scopus.com/inward/record.uri?eid=2-s2.0-79960550283&doi=10.1080%2f19401493.2010.518631&partnerID=40&md5=0b0c492839523293394191e157c1175e","This article describes the implementation of the Building Controls Virtual Test Bed (BCVTB). The BCVTB is a software environment that allows connecting different simulation programs to exchange data during the time integration, and that allows conducting hardware in the loop simulation. The software architecture is a modular design based on Ptolemy II, a software environment for design and analysis of heterogeneous systems. Ptolemy II provides a graphical model building environment, synchronizes the exchanged data and visualizes the system evolution during run-time. The BCVTB provides additions to Ptolemy II that allow the run-time coupling of different simulation programs for data exchange, including EnergyPlus, MATLAB, Simulink and the Modelica modelling and simulation environment Dymola. The additions also allow executing system commands, such as a script that executes a Radiance simulation. In this article, the software architecture is presented and the mathematical model used to implement the co-simulation is discussed. The simulation program interface that the BCVTB provides is explained. The article concludes by presenting applications in which different state of the art simulation programs are linked for run-time data exchange. This link allows the use of the simulation program that is best suited for the particular problem to model building heat transfer, HVAC system dynamics and control algorithms, and to compute a solution to the coupled problem using co-simulation.","Building simulation; Co-simulation; Integrated analysis; Modular modeling","Algorithms; Buildings; Climate control; Computer software; Equipment testing; Mathematical models; MATLAB; Model buildings; Software architecture; Test facilities; Building controls; Building energy; Building environment; Building simulation; Cosimulation; Coupled problems; Design and analysis; EnergyPlus; GraphicaL model; Hardware in-the-loop simulation; Heterogeneous systems; HVAC system; Integrated analysis; Modelica; Modelling and simulations; Modular designs; Modular modeling; Ptolemy II; Radiance simulation; Run-time data; Runtimes; Simulation program; Simulink; Software environments; State of the art; System evolution; Time integration; Virtual test beds; Computer simulation","Article","Final","All Open Access; Green Open Access","Scopus","2-s2.0-79960550283"
"Wang Z.; Abdel-Aty M.; Yue L.; Zhu J.; Zheng O.; Zaki M.H.","Wang, Zijin (57224205738); Abdel-Aty, Mohamed (7006423551); Yue, Lishengsa (57194386890); Zhu, Jiahao (57981794500); Zheng, Ou (57205743224); Zaki, Mohamed H. (55542224800)","57224205738; 7006423551; 57194386890; 57981794500; 57205743224; 55542224800","Investigating the Effects of Human-Machine Interface on Cooperative Driving Using a Multi-Driver Co-Simulation Platform","2024","IEEE Transactions on Intelligent Vehicles","9","1","","2808","2821","13","0","10.1109/TIV.2023.3296678","https://www.scopus.com/inward/record.uri?eid=2-s2.0-85165275492&doi=10.1109%2fTIV.2023.3296678&partnerID=40&md5=1b978f3c568d995309896c869ffa8be0","Cooperative driving in a Connected Vehicle (CV) environment has received increasing attention over the years due to its ability to enhance driving safety and efficiency. For a cooperative driving task that requires speed adaptation, the recommended speed is displayed through human-machine interface (HMI). The design of HMI is expected to affect drivers' compliance and understanding of recommended speed and thus impact the driving performance. However, the effects of HMI design on cooperative driving performance are yet to be explored. In this study, three HMIs were designed: Δ bmv HMI (baseline, displays the speed difference between optimal and current driving speed), Δ bmt HMI (displays the time difference between optimal and estimated arrival time), and Δ bmv-graphic HMI (displays the speed difference using a variable graphic form). The HMI designs follow the skills, rules, and knowledge (SRK) taxonomy. To test the effects of the HMI design on cooperative driving performance, we developed a multi-driver driving co-simulation platform, which can simulate a cooperative driving environment and thus verify the HMI design. Driving simulator experiment shows that the Δ bmt HMI deteriorated the speed adaptation accuracy, while the Δ bmv-graphic HMI improved the driving performance. The questionnaire data revealed that the participants preferred the Δ bmv-graphic HMI, as it was highly rated in terms of system usability and user experience. The findings of this study provide insights for the HMI design for cooperative driving applications.  © 2016 IEEE.","Cooperative driving; human-machine interface; multi-driver driving simulator","Automobile drivers; Automobile simulators; Efficiency; Human computer interaction; Job analysis; Man machine systems; Traffic control; User interfaces; Vehicles; Behavioral science; Cooperative driving; Cosimulation; Driving performance; Driving simulator; Human Machine Interface; Human-machine interface design; Multi-driver driving simulator; Road; Task analysis; Behavioral research","Article","Final","","Scopus","2-s2.0-85165275492"
"Reinbold V.; Protopapadaki C.; Tavella J.-P.; Saelens D.","Reinbold, Vincent (55256359200); Protopapadaki, Christina (56741254500); Tavella, Jean-Philippe (56600821700); Saelens, Dirk (6701583724)","55256359200; 56741254500; 56600821700; 6701583724","Assessing scalability of a low-voltage distribution grid co-simulation through functional mock-up interface","2019","Journal of Building Performance Simulation","12","5","","637","649","12","7","10.1080/19401493.2019.1597923","https://www.scopus.com/inward/record.uri?eid=2-s2.0-85063733317&doi=10.1080%2f19401493.2019.1597923&partnerID=40&md5=bb14c5516f07d39ed944d5933e590db6","State-of-the-art Modelica tools for modelling and simulating multi-physical systems have reached certain maturity among the building physics community. Hence, simulation is widely used for control, sizing and performance assessment of energy systems. However, serious efficiency issues arise for large-scale models. This article proposes a practical application of co-simulation methods on detailed district energy systems. The aim of this study is to assess performance and scalability of co-simulation through functional mock-up interfaces on a detailed and multi-physical district model. In particular, we propose a comparative analysis between classical simulation and co-simulation methods and a scalability analysis on a growing number of buildings. The models have been implemented using Modelica language and the OpenIDEAS library. A decomposition approach is taken for modelling the entire system, while stochasticity in the inputs is taken into account. Results are presented for various integration scenarios, including a classical integrated simulation for reference and co-simulations involving different master-algorithms within Dymola and DACCOSIM 2017. Scenarios are compared in terms of speed-up and accuracy of principal physical quantities representing key performance indicators such as indoor temperature, current and voltage at building's connection. The analysis shows that co-simulation can run up to 90 times faster than the integrated simulation for 24 buildings, while ensuring acceptable accuracy. © 2019, © 2019 International Building Performance Simulation Association (IBPSA).","co-simulation; district energy system; efficient simulation; functional mock-up interface; large-scale model; low-voltage grid; modelica","Benchmarking; Mockups; Scalability; Cosimulation; District energy systems; Efficient simulation; Large-scale modeling; Low-voltage grid; Modelica; Voltage distribution measurement","Article","Final","All Open Access; Green Open Access","Scopus","2-s2.0-85063733317"
"Tuli S.; Poojara S.R.; Srirama S.N.; Casale G.; Jennings N.R.","Tuli, Shreshth (57208274339); Poojara, Shivananda R. (56126398800); Srirama, Satish N. (14632859900); Casale, Giuliano (21742204200); Jennings, Nicholas R. (7005888644)","57208274339; 56126398800; 14632859900; 21742204200; 7005888644","COSCO: Container Orchestration Using Co-Simulation and Gradient Based Optimization for Fog Computing Environments","2022","IEEE Transactions on Parallel and Distributed Systems","33","1","9448450","101","116","15","66","10.1109/TPDS.2021.3087349","https://www.scopus.com/inward/record.uri?eid=2-s2.0-85109149036&doi=10.1109%2fTPDS.2021.3087349&partnerID=40&md5=ee296f822760bb1134bc50bfe2f3653e","Intelligent task placement and management of tasks in large-scale fog platforms is challenging due to the highly volatile nature of modern workload applications and sensitive user requirements of low energy consumption and response time. Container orchestration platforms have emerged to alleviate this problem with prior art either using heuristics to quickly reach scheduling decisions or AI driven methods like reinforcement learning and evolutionary approaches to adapt to dynamic scenarios. The former often fail to quickly adapt in highly dynamic environments, whereas the latter have run-times that are slow enough to negatively impact response time. Therefore, there is a need for scheduling policies that are both reactive to work efficiently in volatile environments and have low scheduling overheads. To achieve this, we propose a Gradient Based Optimization Strategy using Back-propagation of gradients with respect to Input (GOBI). Further, we leverage the accuracy of predictive digital-twin models and simulation capabilities by developing a Coupled Simulation and Container Orchestration Framework (COSCO). Using this, we create a hybrid simulation driven decision approach, GOBI*, to optimize Quality of Service (QoS) parameters. Co-simulation and the back-propagation approaches allow these methods to adapt quickly in volatile environments. Experiments conducted using real-world data on fog applications using the GOBI and GOBI∗ methods, show a significant improvement in terms of energy consumption, response time, Service Level Objective and scheduling time by up to 15, 40, 4, and 82 percent respectively when compared to the state-of-the-art algorithms. © 1990-2012 IEEE.","back-propagation to input; container orchestration; coupled simulation; Fog computing; QoS optimization","Backpropagation; Containers; Energy utilization; Fog; Heuristic methods; Optimization; Predictive analytics; Quality of service; Reinforcement learning; Scheduling; Computing environments; Evolutionary approach; Gradient-based optimization; Low energy consumption; Quality of Service parameters; Service Level Agreements; State-of-the-art algorithms; Volatile environments; Fog computing","Article","Final","All Open Access; Green Open Access","Scopus","2-s2.0-85109149036"
"Theodoro T.S.; Barbosa P.G.; Tomim M.A.; Lima A.C.S.","Theodoro, Thainan S. (57203001692); Barbosa, Pedro G. (8707820600); Tomim, Marcelo A. (24734414200); Lima, Antonio C. S. (8932318200)","57203001692; 8707820600; 24734414200; 8932318200","Comparative Performance of Three Phasor-Extraction Algorithms for Co-simulation of Electrical Power Systems","2022","Journal of Control, Automation and Electrical Systems","33","2","","561","573","12","0","10.1007/s40313-021-00815-9","https://www.scopus.com/inward/record.uri?eid=2-s2.0-85116131911&doi=10.1007%2fs40313-021-00815-9&partnerID=40&md5=1495eedd8fdf21b644c1b6b7f6ffe8dc","This work presents a comparison of the three phasor extraction algorithms proposed in the literature for the co-simulation of transient stability and electromagnetic transients programs. Initially, a brief mathematical review of two algorithms widely used in the literature is made: the discrete Fourier transform and the adjustment of the least-squares curve. In addition, a technique proposed by the authors based on the use of the generalized second-order integrator is presented. Then, these three techniques will be implemented and evaluated numerically through a comparative performance study extracting the fundamental phasor component of a test signal. © 2021, Brazilian Society for Automatics--SBA.","Co-simulation; Electromagnetic transients; Phasor extraction; Transient stability","Electromagnetic simulation; Extraction; Transients; Comparative performance; Cosimulation; Electrical power system; Electro-magnetic transient; Extraction algorithms; Least Square; Performance study; Phasor extractions; Phasors; Second orders; Discrete Fourier transforms","Article","Final","","Scopus","2-s2.0-85116131911"
"Zhou Y.; Gennaro G.; Fantucci S.; Ibrahim M.; Franquet E.; Favoino F.","Zhou, Yangkong (57742354000); Gennaro, Giovanni (57223161200); Fantucci, Stefano (56455336000); Ibrahim, Mohamad (55907511700); Franquet, Erwin (16039038900); Favoino, Fabio (55843767100)","57742354000; 57223161200; 56455336000; 55907511700; 16039038900; 55843767100","Building performance simulation of Advanced Building Envelope (ABE): towards a python-based open-source library to support co-simulation for design and operations","2023","Building Simulation Conference Proceedings","18","","","3307","3314","7","0","10.26868/25222708.2023.1628","https://www.scopus.com/inward/record.uri?eid=2-s2.0-85179511446&doi=10.26868%2f25222708.2023.1628&partnerID=40&md5=e5afd04b51c72d37c797545e40c13394","Advancements in materials and technologies have led to the development of Advanced Building Envelope (ABEs), which enhance building performance for multiple aspects. However, assessing their performance using state-of-the-art Building Performance Simulation (BPS) tools poses significant challenges due to the absence of specific models, difficulties in integrating advanced controls, and simulating performance across multiple physical domains. EnergyPlus has introduced the Energy Management System (EMS) and integrated Python capabilities, enabling the co-simulation of Python-based models and control strategies developed by users. The purpose of the paper is to showcase a scalable co-simulation approach, aimed at defining an open-source python-based library of ABEs, that can be interfaced with BPS tools, so to support the evaluation and optimization design of ABEs. The approach is herewith presented by co-simulating with EnergyPlus, evaluating the performance of two highly complex ABEs (1) Micro-Fluidic Triple Glazing (MFTG) and (2) flexible Double Skin Façade (DSF). © 2023 IBPSA.All rights reserved.","","Architectural design; Computer software; Energy management systems; Solar buildings; Structural design; Building envelopes; Building performance; Building performance simulations; Cosimulation; Design and operations; EnergyPlus; Materials and technologies; Open-source libraries; Performance; State of the art; Python","Conference paper","Final","All Open Access; Bronze Open Access","Scopus","2-s2.0-85179511446"
"Smith J.M.B.; Balasubramaniam K.; Hadidi R.","Smith, Joshua M. B. (58434568000); Balasubramaniam, Karthikeyan (55338411100); Hadidi, Ramtin (22734433600)","58434568000; 55338411100; 22734433600","Assessing the Need and State of Power System and Transportation System Co-Simulation","2023","IEEE Access","11","","","44941","44951","10","5","10.1109/ACCESS.2023.3273285","https://www.scopus.com/inward/record.uri?eid=2-s2.0-85159752641&doi=10.1109%2fACCESS.2023.3273285&partnerID=40&md5=c4aa14734b0811afce1be84490502528","According to the Environmental Protection Agency, the power and transport systems contribute over 50% of greenhouse gas emissions in the United States. The combination of renewable energy resources and electrified transportation play a crucial role in helping countries meet their carbon neutrality goals. Coordinated planning of the power and transportation systems is necessary to ensure reliable, efficient, and economic operation of both systems. This paper surveys applications of large-scale transportation electrification, vehicle-to-grid charging, prosumer behavior, sector coupling, route optimization, and charging demand and estimation. The co-simulation frameworks available for coupling the power and transport systems to further study these applications are also surveyed. Most of the existing literature utilizes stochastic transportation models or ad-hoc co-simulation approaches which do not promote scalability, extensibility, and interoperability. It is proposed to extend the Hierarchical Engine for Large-Scale Infrastructure Co-simulation to communicate with an agent based transportation simulator for examining these interconnected applications.  © 2013 IEEE.","charging demand and estimation; Co-simulation; electric vehicle; power system; prosumer; route optimization; sector coupling; transportation system; vehicle-to-grid","Charging (batteries); Electric loads; Electric power system planning; Gas emissions; Greenhouse gases; Stochastic models; Vehicle-to-grid; Vehicles; Biological system modeling; Charging demand and estimation; Charging demands; Cosimulation; Load modeling; Optimisations; Power; Power system; Prosumer; Route optimization; Sector coupling; Transportation system; Vehicle to grids; Stochastic systems","Review","Final","All Open Access; Gold Open Access","Scopus","2-s2.0-85159752641"
"Xu J.; Lin H.; Liu Y.; Zhou Y.; He S.; Wang C.","Xu, Jinyan (57224903869); Lin, Haoran (57878580600); Liu, Yiyuan (58684107300); Zhou, Yajin (41262754700); He, Sirui (58684580400); Wang, Cong (35106222100)","57224903869; 57878580600; 58684107300; 41262754700; 58684580400; 35106222100","MorFuzz: Fuzzing Processor via Runtime Instruction Morphing enhanced Synchronizable Co-simulation","2023","32nd USENIX Security Symposium, USENIX Security 2023","2","","","1307","1324","17","6","","https://www.scopus.com/inward/record.uri?eid=2-s2.0-85176016825&partnerID=40&md5=0c941eb3e29ea4559f60a1659c57c977","Modern processors are too complex to be bug free. Recently, a few hardware fuzzing techniques have shown promising results in verifying processor designs. However, due to the complexity of processors, they suffer from complex input grammar, deceptive mutation guidance, and model implementation differences. Therefore, how to effectively and efficiently verify processors is still an open problem. This paper proposes MorFuzz, a novel processor fuzzer that can efficiently discover software triggerable hardware bugs. The core idea behind MorFuzz is to use runtime information to generate instruction streams with valid formats and meaningful semantics. MorFuzz designs a new input structure to provide multi-level runtime mutation primitives and proposes the instruction morphing technique to mutate instruction dynamically. Besides, we also extend the co-simulation framework to various microarchitectures and develop the state synchronization technique to eliminate implementation differences. We evaluate MorFuzz on three popular open-source RISC-V processors: CVA6, Rocket, BOOM, and discover 17 new bugs (with 13 CVEs assigned). Our evaluation shows MorFuzz achieves 4.4× and 1.6× more state coverage than the state-of-the-art fuzzer, DifuzzRTL, and the famous constrained instruction generator, riscv-dv. © 2023 32nd USENIX Security Symposium, USENIX Security 2023. All rights reserved.","","Computer hardware description languages; Open source software; Program debugging; Semantics; Bug-free; Complex inputs; Cosimulation; Hardware bug; Model implementation; Modern processors; Morphing; Processor design; Run-time information; Runtimes; Rockets","Conference paper","Final","","Scopus","2-s2.0-85176016825"
"Toth B.; Szalay Z.","Toth, Balint (57215140483); Szalay, Zsolt (57188723056)","57215140483; 57188723056","Development and Functional Validation Method of the Scenario-in-the-Loop Simulation Control Model Using Co-Simulation Techniques","2023","Machines","11","11","1028","","","","0","10.3390/machines11111028","https://www.scopus.com/inward/record.uri?eid=2-s2.0-85178115648&doi=10.3390%2fmachines11111028&partnerID=40&md5=0c589dcc472d1ba8337ce207bd5c1731","With the facilitated development of highly automated driving functions and automated vehicles, the need for advanced testing techniques also arose. With a near-infinite number of potential traffic scenarios, vehicles have to drive an increased number of test kilometers during development, which would be very difficult to achieve with currently utilized conventional testing methods. State-of-the-Art testing technologies such as Vehicle-in-the-Loop (ViL) or Scenario-in-the-Loop (SciL) can provide a long-term solution; however, validation of these complex systems should also be addressed. ViL and SciL technologies provide real-time control and measurement with multiple participants; however, they require enormous computational capacity and low-latency communication to provide comparable results with real-world testing. 5G (fifth-generation wireless) communication and Edge computing can aid in fulfilling these needs, although appropriate implementation should also be tested. In the current paper, a realized control model based on the SciL architecture was presented that was developed with real-world testing data and validated utilizing co-simulation and digital twin techniques. The model was established in Simcenter Prescan© connected to MATLAB Simulink® and validated using IPG CarMaker®, which was used to feed the simulation with the necessary input data to replace the real-world testing data. The aim of the current paper was to introduce steps of the development process, to present the results of the validation procedure, and to provide an outlook of potential future implementations into the state of the art in proving ground ecosystems. © 2023 by the authors.","automated driving functions; autonomous driving; co-simulation; Scenario-in-the-Loop; validation; vehicle simulation; Vehicle-in-the-Loop testing; virtual testing","","Article","Final","All Open Access; Gold Open Access","Scopus","2-s2.0-85178115648"
"Fischer J.; Müller C.; Kurz H.","Fischer, J. (57202225024); Müller, C. (57092443400); Kurz, H. (57225808128)","57202225024; 57092443400; 57225808128","A co-simulation concept for an efficient analysis of complex logic designs","1998","Lecture Notes in Computer Science (including subseries Lecture Notes in Artificial Intelligence and Lecture Notes in Bioinformatics)","1482","","","495","499","4","0","10.1007/bfb0055288","https://www.scopus.com/inward/record.uri?eid=2-s2.0-84956863781&doi=10.1007%2fbfb0055288&partnerID=40&md5=7c2226314b730eeea9dadad99c0098b0","The focus of this paper is the presentation of our work on developing a novel co-simulation concept for synchronous logic designs. The growing complexity of programmable devices (FPGAs and CPLDs) requires complex test environments to find design and implementation errors as early in the design process as possible. In most cases it is the system environment that determines the performance requirements of the design and its behavior under dynamic workloads. Our approach takes advantage of the fact that the circuit design and simulation can be implemented with standard hardware description languages (HDLs). To model and simulate the system environment, however, we have used a state-of-the-art simulation language. Both simulations are tied together through a simple communication structure. The simulators constantly exchange state information, which provides dynamic feedback to simulate realistic workloads. As an application example we will describe how this concept was applied during the development of the controller logic for an optical high-speed network adapter. © Springer-Verlag Berlin Heidelberg 1998.","","Complex networks; Computer hardware description languages; Computer simulation languages; Field programmable gate arrays (FPGA); HIgh speed networks; Logic design; Logic devices; Application examples; Communication structures; Design and implementations; Efficient analysis; Performance requirements; Programmable devices; State information; System environment; Computer circuits","Conference paper","Final","","Scopus","2-s2.0-84956863781"
"Rowson James A.","Rowson, James A. (7003374988)","7003374988","Hardware/software co-simulation","1994","Proceedings - Design Automation Conference","","","","439","440","1","132","","https://www.scopus.com/inward/record.uri?eid=2-s2.0-0028599634&partnerID=40&md5=15aa5a91662a0c83f5c79ad9bd6062d3","Hardware-software co-simulation refers to verifying that hardware and software function correctly together. This has traditionally been a task performed after the prototype hardware is available using in-circuit emulators and other techniques. With hardware-software co-design and embedded processors within large single ICs, it is more necessary to verify correct functionality before the hardware is built. This paper surveys the techniques available for co-simulation with an eye toward the strengths and weaknesses of each.","","Computer hardware; Computer hardware description languages; Computer software; Computers; Integrated circuits; Performance; Hardware/software cosimulation; In circuit emulators; Computer simulation","Conference paper","Final","","Scopus","2-s2.0-0028599634"
"Nghiem T.X.; Bitlislioǧlu A.; Gorecki T.; Qureshi F.A.; Jones C.N.","Nghiem, Truong X. (18038144300); Bitlislioǧlu, Altuǧ (56820188200); Gorecki, Tomasz (57196963634); Qureshi, Faran A. (55846365600); Jones, Colin N. (25021018100)","18038144300; 56820188200; 57196963634; 55846365600; 25021018100","OpenBuildNet framework for distributed co-simulation of smart energy systems","2016","2016 14th International Conference on Control, Automation, Robotics and Vision, ICARCV 2016","","","7838701","","","","4","10.1109/ICARCV.2016.7838701","https://www.scopus.com/inward/record.uri?eid=2-s2.0-85015213930&doi=10.1109%2fICARCV.2016.7838701&partnerID=40&md5=b83603cdfab9c101368dbd1280343520","The complexity and diversity of future energy systems will require co-simulation solutions that enable the integration of tools from multiple domains for research and development. We introduce an open-source framework, OpenBuildNet, for distributed co-simulation of large-scale smart energy systems. Using a loose-coupling approach to co-simulate parallel processes, it can leverage and seamlessly integrate specialized simulation and computation tools in a common platform. Users can therefore benefit from the capabilities of state-of-the-art and widely used tools in each domain. OpenBuildNet is scalable and highly flexible as it uses a decentralized architecture, message-based communication, and peer-to-peer data exchange between subsystem nodes. It also provides a set of easy-to-use software tools tailored for researchers and engineers. This paper presents the architecture and tool suite of OpenBuildNet, and demonstrates its usefulness in a case study of controlling multiple buildings for demand response. © 2016 IEEE.","","Computer vision; Electronic data interchange; Open source software; Open systems; Robotics; Decentralized architecture; Distributed co-simulation; Message-based communication; Multiple buildings; Open source frameworks; Parallel process; Research and development; Smart energy systems; Computer aided software engineering","Conference paper","Final","All Open Access; Green Open Access","Scopus","2-s2.0-85015213930"
"Moulema P.; Yu W.; Griffith D.; Golmie N.","Moulema, Paul (55370642300); Yu, Wei (34973528100); Griffith, David (57888146000); Golmie, Nada (6701448030)","55370642300; 34973528100; 57888146000; 6701448030","On effectiveness of smart grid applications using co-simulation","2015","Proceedings - International Conference on Computer Communications and Networks, ICCCN","2015-October","","7288438","","","","27","10.1109/ICCCN.2015.7288438","https://www.scopus.com/inward/record.uri?eid=2-s2.0-84959387609&doi=10.1109%2fICCCN.2015.7288438&partnerID=40&md5=69ef8a89cec7272b732f3790028c08ee","The smart grid is a complex system that comprises components from both the power grid and communication networks. To understand the behavior of such a complex system, co-simulation is a viable tool to capture the interaction and the reciprocal effects between a communication network and a physical power grid. In this paper, we systematically review the existing efforts of co-simulation and design a framework to explore co-simulation scenarios. Using the demand response and energy price as examples of smart grid applications and operating the communication network under various conditions (e.g., normal operation, performance degrade, and security threats), we implement these scenarios and conduct a performance evaluation of smart grid applications by leveraging a co-simulation platform. © 2015 IEEE.","","Complex networks; Computer networks; Electric power transmission networks; Telecommunication networks; Cosimulation; Demand response; Energy prices; Normal operations; Physical power; Reciprocal effects; Security threats; Smart grid applications; Smart power grids","Conference paper","Final","","Scopus","2-s2.0-84959387609"
"Posadas H.; Villar E.; Ragot D.; Martinez M.","Posadas, H. (6508198832); Villar, E. (7005735445); Ragot, Dominique (36180234800); Martinez, Marcos (55238298100)","6508198832; 7005735445; 36180234800; 55238298100","Early, time-approximate modeling of multi-OS Linux platforms in a systemC co-simulation environment","2011","Computer Systems Science and Engineering","26","6","","425","434","9","0","","https://www.scopus.com/inward/record.uri?eid=2-s2.0-84860173694&partnerID=40&md5=70552bfaa4a4b66a2ab3588164a8a57f","The increase of computational power in embedded systems has allowed integrating together hard real-time tasks and rich applications. Complex SW infrastructures containing both RTOS and GPOS are required to handle this complexity. To optimally map system functionality to the hard-RT SW domain, to the general purpose SW domain or to HW peripherals, early performance evaluations at the first steps of the design process are required. Approximate timed co-simulation has been proposed as a fast solution for system modeling at early design steps. This co-simulation technique allows simulating systems at speed close to functional execution, while considering timing effects. As a consequence, system performance estimations can be obtained early, allowing efficient design space exploration and system refinement. To achieve fast simulation speed, the SW code is pre-annotated with time information. The annotated code is then natively executed, performing what is called native-based co-simulation. Previous native-based simulation environments are not prepared to model multi-OS systems, so the performance evaluation of the different SW domains is not possible. This paper proposes a new embedded system modeling solution considering dual RTOS/GPOS systems. A real Linux-based infrastructure has been modeled an integrated into a state-of-the-art co-simulation environment. The resulting solution is capable of modeling and evaluating all HW and SW system components providing the designer with valuable information for early system optimization and design space exploration. © 2011 CRL Publishing Ltd.","Approximately-timed; Co-simulation; Real-time linux; TLM","Computer operating systems; Design; Real time systems; Space research; Approximately-timed; At-speed; Computational power; Cosimulation; Design process; Design steps; Efficient designs; Fast simulation; Fast solutions; General purpose; Hard real-time task; Linux platform; MAP systems; Performance estimation; Performance evaluation; Real-time Linux; Simulating system; Simulation environment; System components; System modeling; System optimizations; System refinement; SystemC; Time information; TLM; Embedded systems","Article","Final","","Scopus","2-s2.0-84860173694"
"Gourisetti S.N.G.; Hansen J.; Hofer W.; Manz D.; Kalsi K.; Fuller J.; Niddodi S.; Kley H.; Clarke C.; Kang K.; Reeve H.; Chiodo M.; Bishopric J.","Gourisetti, Sri Nikhil Gupta (54917070200); Hansen, Jacob (56654635900); Hofer, William (57204497226); Manz, David (36056766100); Kalsi, Karanjit (25031702400); Fuller, Jason (36650696100); Niddodi, Shwetha (57191524194); Kley, Holger (57507259800); Clarke, Christopher (35326584300); Kang, Keunmo (15925679400); Reeve, Hayden (36646557500); Chiodo, Massimiliano (59273195600); Bishopric, Jesse (57204507600)","54917070200; 56654635900; 57204497226; 36056766100; 25031702400; 36650696100; 57191524194; 57507259800; 35326584300; 15925679400; 36646557500; 59273195600; 57204507600","A Cyber Secure Communication Architecture for Multi-Site Hardware-in-the-Loop Co-Simulation of der Control","2018","Proceedings - Resilience Week 2018, RWS 2018","","","8473506","55","62","7","6","10.1109/RWEEK.2018.8473506","https://www.scopus.com/inward/record.uri?eid=2-s2.0-85055828488&doi=10.1109%2fRWEEK.2018.8473506&partnerID=40&md5=1fd3d7ee9fd4bcddd859c7d61c7efb61","Existing approaches coordinating distributed energy resources (DERs) for grid services do not adequately evaluate the performance of such DER integration. Most studies are based on a single type of DER used for a single type of service, rather than the real-world requirements of coordinating a heterogeneous mix of DERs to provide multiple different grid services at different time-scales. Facilities also often face cybersecurity and interoperability challenges to experimenting and testing methodologies in this area. To overcome all of these challenges, Pacific Northwest National Laboratory, United Technologies Research Center, Southern California Edison, and Spirae coordinated to develop a federation between their organizations. This federation implements a cybersecure connection that facilitates near real-time communication between the four different physical sites. This not only enables control of DERs at different physical locations but also lets the software and hardware objects perform control experiments in a cybersecure environment at different time-scales. The hardware systems can consist of microgrids, building management systems, and emulated power systems objects. This paper provides a detailed overview of the federation setup and describes what this federation can be used for. © 2018 IEEE.","cybersecurity; DERs; distributed co-simulation; distributed energy resources; federation; hardware-in-the-loop","Energy resources; Grid computing; Hardware; Hardware security; Hardware-in-the-loop simulation; Intelligent buildings; Synthetic apertures; Cyber security; DERs; Distributed co-simulation; Distributed Energy Resources; federation; Hard-ware-in-the-loop; Interoperability","Conference paper","Final","","Scopus","2-s2.0-85055828488"
"McCarty M.; Johnson J.; Richardson B.; Rieger C.; Cooley R.; Gentle J.; Rothwell B.; Phillips T.; Novak B.; Culler M.; Wright B.","McCarty, Michael (58123614200); Johnson, Jay (57716136400); Richardson, Bryan (58462735500); Rieger, Craig (8651698900); Cooley, Rafer (57203534059); Gentle, Jake (56034509500); Rothwell, Bradley (57826179600); Phillips, Tyler (56462006300); Novak, Beverly (58123969000); Culler, Megan (57202647956); Wright, Brian (57216313290)","58123614200; 57716136400; 58462735500; 8651698900; 57203534059; 56034509500; 57826179600; 56462006300; 58123969000; 57202647956; 57216313290","Cybersecurity Resilience Demonstration for Wind Energy Sites in Co-Simulation Environment","2023","IEEE Access","11","","","15297","15313","16","12","10.1109/ACCESS.2023.3244778","https://www.scopus.com/inward/record.uri?eid=2-s2.0-85149172575&doi=10.1109%2fACCESS.2023.3244778&partnerID=40&md5=c65a56fecab677a0bad8894f79e58f5c","Sandia National Laboratories and Idaho National Laboratory deployed state-of-the-art cybersecurity technologies within a virtualized, cyber-physical wind energy site to demonstrate their impact on security and resilience. This work was designed to better quantify cost-benefit tradeoffs and risk reductions when layering different security technologies on wind energy operational technology networks. Standardized step-by-step attack scenarios were drafted for adversaries with remote and local access to the wind network. Then, the team investigated the impact of encryption, access control, intrusion detection, security information and event management, and security, orchestration, automation, and response (SOAR) tools on multiple metrics, including physical impacts to the power system and termination of the adversary kill chain. We found, once programmed, the intrusion detection systems could detect attacks and the SOAR system was able to effectively and autonomously quarantine the adversary, prior to power system impacts. Cyber and physical metrics indicated network and endpoint visibility were essential to provide human defenders situational awareness to maintain system resilience. Certain hardening technologies, like encryption, reduced adversary access, but recognition and response were also critical to maintain wind site operations. Lastly, a cost-benefit analysis was performed to estimate payback periods for deploying cybersecurity technologies based on projected breach costs.  © 2013 IEEE.","co-simulation; cyber-physical systems; cyber-resilience; cybersecurity; Wind turbine generation","Access control; Computer crime; Cost benefit analysis; Cryptography; Cyber Physical System; Cybersecurity; Embedded systems; Human resource management; Information management; Intrusion detection; Investments; Network security; Turbogenerators; Wind turbines; Cosimulation; Cybe-physical systems; Cybe-resilience; Cyber security; Cyber-physical systems; Energy sites; Power; Sandia National Laboratories; Simulation environment; Wind-turbine generation; Wind power","Article","Final","All Open Access; Gold Open Access","Scopus","2-s2.0-85149172575"
"Le T.D.; Anwar A.; Beuran R.; Loke S.W.","Le, Tan Duy (57205526881); Anwar, Adnan (54892893300); Beuran, Razvan (15755308200); Loke, Seng W. (7006559509)","57205526881; 54892893300; 15755308200; 7006559509","Smart Grid Co-Simulation Tools: Review and Cybersecurity Case Study","2019","7th International Conference on Smart Grid, icSmartGrid 2019","","","8990712","39","45","6","23","10.1109/icSmartGrid48354.2019.8990712","https://www.scopus.com/inward/record.uri?eid=2-s2.0-85081062089&doi=10.1109%2ficSmartGrid48354.2019.8990712&partnerID=40&md5=bc0e385d0babd7a34896bd8d11525a19","The smart grid is a complicated system consisting of communication network and power grid components. There are various powerful simulation tools for communication networks, as well as power systems. However, co-simulation tools are required to reproduce the interaction between cyber-physical components. We conducted a survey overview of various cosimulation tools and their characteristics applicable to smart grid research. We determined that the combination of FCNS, GridLAB-D and ns-3 is a promising direction for smart grid study, improving co-simulation speed by 20%. By applying these tools and the IEEE 13 Node Test Feeder Model, we conducted a case study on the impact of security threats on smart grid demand/response and dynamic pricing applications. The impact of fake data injection and jamming attacks are obvious as a result of our simulation. The findings support related research in the field and can be used for cybersecurity training. © 2019 IEEE.","co-simulation; fake data injection; framework; jamming attacks; network simulation; smart grid; test feeder model","Electric power transmission networks; Jamming; Cosimulation; framework; Jamming attacks; Network simulation; Smart grid; Test feeders; Smart power grids","Conference paper","Final","","Scopus","2-s2.0-85081062089"
"Gomes C.; Thule C.; Deantoni J.; Larsen P.G.; Vangheluwe H.","Gomes, Cláudio (56492272400); Thule, Casper (57192386963); Deantoni, Julien (11940341600); Larsen, Peter Gorm (7401562142); Vangheluwe, Hans (6602402077)","56492272400; 57192386963; 11940341600; 7401562142; 6602402077","Co-simulation: The past, future, and open challenges","2018","Lecture Notes in Computer Science (including subseries Lecture Notes in Artificial Intelligence and Lecture Notes in Bioinformatics)","11246 LNCS","","","504","520","16","8","10.1007/978-3-030-03424-5_34","https://www.scopus.com/inward/record.uri?eid=2-s2.0-85077348242&doi=10.1007%2f978-3-030-03424-5_34&partnerID=40&md5=9d5d0530a21c67b88d0eafb6cef57feb","In the engineering of heterogeneous systems, there have always been challenges related to ensuring a common understanding of the interfaces between the constituent systems. In these systems, the systematic analysis of the relevant artefacts is governed by different kinds of models based on different kinds of formalisms (e.g., state machine models for software-based controllers, and differential equations for physical sub-systems). In such a hybrid setting, it makes sense to examine how to combine different kinds of models in ways that enable a well-founded analysis of the interaction between these. Co-simulation has been proposed as a way forward by different stakeholders in different disciplines. It is a technique to couple multiple simulation tools, so that the interactions with, and within, a coupled system can be simulated through the cooperation of these tools. In this paper, we: provide an historical overview of the different facets of co-simulation; describe examples of industrial applications; identify the emerging trend and the challenges (both theoretical and practical) for the future use of this technology. © Springer Nature Switzerland AG 2018.","Co-simulation; Complexity; System engineering","Differential equations; Distributed database systems; Cosimulation; Coupled systems; Emerging trends; Heterogeneous systems; State machine models; Sub-systems; Systematic analysis; Formal methods","Conference paper","Final","","Scopus","2-s2.0-85077348242"
"Bottaccioli L.; Patti E.; Macii E.; Acquaviva A.","Bottaccioli, Lorenzo (57035415200); Patti, Edoardo (56090685400); Macii, Enrico (56056204100); Acquaviva, Andrea (7003693404)","57035415200; 56090685400; 56056204100; 7003693404","Distributed infrastructure for multi-energy-systems modelling and co-simulation in urban districts","2018","SMARTGREENS 2018 - Proceedings of the 7th International Conference on Smart Cities and Green ICT Systems","2018-March","","","262","269","7","5","10.5220/0006764502620269","https://www.scopus.com/inward/record.uri?eid=2-s2.0-85051952111&doi=10.5220%2f0006764502620269&partnerID=40&md5=e6fee7a9ec4402e0f14d8ba302343af0","In recent years, many governments are promoting a widespread deployment of Renewable Energy Sources (RES) together with an optimization of energy consumption. The main purpose consists on decarbonizing the energy production and reducing the CO2 footprints. However, RES imply uncertain energy production. To foster this transition, we need novel tools to model and simulate Multi-Energy-Systems combining together different technologies and analysing heterogeneous information, often in (near-) real-time. In this paper, first we present the main challenges identified after a literature review and the motivation that drove this research in developing MESsi. Then, we propose MESsi, a novel distributed infrastructure for modelling and co-simulating Multi-Energy-Systems. This infrastructure is a framework suitable for general purpose energy simulations in cities. Finally, we introduce possible simulation scenarios that have different spatio-temporal resolutions. Space resolution ranges from the single dwelling up to districts and cities. Whilst, time resolution ranges from microseconds, to simulate the operational status of distribution networks, up to years, for planning and refurbishment activities. Copyright © 2018 by SCITEPRESS – Science and Technology Publications, Lda. All rights reserved.","Distributed Software Infrastructure; Distributed Systems; Distribution Network; Multi-Energy-Systems; Renewable Energy; Simulation Infrastructure; Smart Grid","Energy utilization; Green computing; Renewable energy resources; Smart city; Distributed infrastructure; Energy productions; Energy simulation; Heterogeneous information; Literature reviews; Multi-energy systems; Renewable energy source; Spatio-temporal resolution; Real time systems","Conference paper","Final","All Open Access; Hybrid Gold Open Access","Scopus","2-s2.0-85051952111"
"Datar M.; Tercha M.; Pergantis C.; Manesh A.; Negrut D.","Datar, Makarand (24343643900); Tercha, Michael (51564872800); Pergantis, Charles (6506887205); Manesh, Ali (57217645773); Negrut, Dan (57207560202)","24343643900; 51564872800; 6506887205; 57217645773; 57207560202","A co-simulation environment for virtual prototyping of ground vehicles","2008","2007 Proceedings of the ASME International Design Engineering Technical Conferences and Computers and Information in Engineering Conference, DETC2007","5 PART C","","","2067","2075","8","0","10.1115/DETC2007-35680","https://www.scopus.com/inward/record.uri?eid=2-s2.0-44949148228&doi=10.1115%2fDETC2007-35680&partnerID=40&md5=bebd8a27bc3aeda226c03b02d35c47d2","The use of virtual prototyping early in the design stage of a product has gained popularity due to reduced cost and time to market. The state of the art in vehicle simulation has reached a level where full vehicles are analyzed through simulation but major difficulties continue to be present in interfacing the vehicle model with accurate powertrain models and in developing adequate formulations for the contact between tire and terrain (specifically, scenarios such as tire sliding on ice and rolling on sand or other very deformable surfaces). The proposed work focuses on developing a ground vehicle simulation capability by combining several third party packages for vehicle simulation, tire simulation, and powertrain simulation. The long-term goal of this project is to promote the Digital Car idea through the development of a reliable and robust simulation capability that will enhance the understanding and control of off-road vehicle performance. To this end we concentrate our attention on two main aspects: (1) development of a family of tire and contact models suitable for simulations ranging from high accuracy to real time for on/off-road conditions and extreme environments, and (2) investigation of co-simulation techniques suitable from a numerical standpoint to support long simulations of heterogeneous models that contain vehicle, tire, terrain, powertrain, and controls subsystems. Copyright © 2007 by ASME.","","Architectural design; Cobalt; Cobalt alloys; Cobalt compounds; Computer control; Computer networks; Computers; Concurrent engineering; Control systems; Dynamical systems; Dynamics; Ecology; Engineering; Ground vehicles; Information systems; Marketing; Mechanics; Microfluidics; Nonlinear programming; Off road vehicles; Product design; Roads and streets; Technology; Tires; Vehicles; co-simulation; Contact modeling; Deformable surfaces; design stages; Extreme environments; Heterogeneous models; high accuracy; In vehicle; international conferences; International designs; Multi-body system (MBS); Non-linear dynamics; Powertrain (CO); Powertrain modeling; Powertrain simulation; Real time; Reduced costs; road conditions; Road vehicles; simulation capabilities; State of the arts; Technical conferences; third parties; Time-to-market (TTM); tire simulation; Vehicle modelling; vehicle simulation; Virtual prototyping (VP); Virtual reality","Conference paper","Final","","Scopus","2-s2.0-44949148228"
"Balaji A.; Adiraju P.; Kashyap H.J.; Das A.; Krichmar J.L.; Dutt N.D.; Catthoor F.","Balaji, Adarsha (59007247300); Adiraju, Prathyusha (57200519270); Kashyap, Hirak J. (55513187200); Das, Anup (56883595200); Krichmar, Jeffrey L. (6602090791); Dutt, Nikil D. (7006041384); Catthoor, Francky (7102959065)","59007247300; 57200519270; 55513187200; 56883595200; 6602090791; 7006041384; 7102959065","PyCARL: A PyNN Interface for Hardware-Software Co-Simulation of Spiking Neural Network","2020","Proceedings of the International Joint Conference on Neural Networks","","","9207142","","","","44","10.1109/IJCNN48605.2020.9207142","https://www.scopus.com/inward/record.uri?eid=2-s2.0-85086236021&doi=10.1109%2fIJCNN48605.2020.9207142&partnerID=40&md5=7229745d7ed6fa236ee63fbc21c5c60a","We present PyCARL, a PyNN-based common Python programming interface for hardware-software cosimulation of spiking neural network (SNN). Through PyCARL, we make the following two key contributions. First, we provide an interface of PyNN to CARLsim, a computationally- efficient, GPU-accelerated and biophysically-detailed SNN simulator. PyCARL facilitates joint development of machine learning models and code sharing between CARLsim and PyNN users, promoting an integrated and larger neuromorphic community. Second, we integrate cycle-accurate models of state-of-the-art neuromorphic hardware such as TrueNorth, Loihi, and DynapSE in PyCARL, to accurately model hardware latencies, which delay spikes between communicating neurons, degrading performance of machine learning models. PyCARL allows users to analyze and optimize the performance difference between software-based simulation and hardware-oriented simulation. We show that system designers can also use PyCARL to perform design-space exploration early in the product development stage, facilitating faster time-to-market of neuromorphic products. © 2020 IEEE.","CARLsim; co-simulation; design-space exploration; neuromorphic computing; spiking neural network (SNN)","Cobalt compounds; Computer programming; Computer software; Machine learning; Product design; Computationally efficient; Hardware-software co-simulation; Machine learning models; Neuromorphic hardwares; Product development stages; Python programming; Spiking neural network(SNN); Spiking neural networks; Neural networks","Conference paper","Final","All Open Access; Green Open Access","Scopus","2-s2.0-85086236021"
"Krammer M.; Fritz J.; Karner M.","Krammer, Martin (36185280800); Fritz, Johannes (55937174700); Karner, Michael (25823280800)","36185280800; 55937174700; 25823280800","Model-based configuration of automotive co-simulation scenarios","2015","Simulation Series","47","2","","155","162","7","9","","https://www.scopus.com/inward/record.uri?eid=2-s2.0-84937804331&partnerID=40&md5=9aaac941898923e7dd5b678a6487218e","Co-simulation represents a state-of-the-art method for virtual integration and simulation of automotive systems. Due to the needed number of simulation component models to describe such systems and their environment, the setup of all involved co-simulation tools within a framework becomes time consuming and error-prone. Based on related work, this paper takes the idea of a model based co-simulation configuration further, where all necessary information for execution of co-simulations is retrieved from a system model. For that purpose a meta-model, a subsequently derived UML-profile and a tool extension are developed. With this approach a tighter integration of simulation based verification activities to model-based systems engineering techniques is achieved. This allows engineers to generate co-simulation configurations out of system models. The resulting co-simulation configurations are fed directly to the used co-simulation framework, eliminating the need for time-consuming configuration of such a framework. Furthermore, potential reuse of entire co-simulation configurations, or parts thereof, is ensured. To support these claims, two use cases from the automotive domain are adducted to evaluate the described approach. Copyright © 2015 Society for Modeling and Simulation International (SCS).","Automotive; Co-simulation; Configuration; Language; SysML; UML","Systems engineering; Automotive; Configuration; Cosimulation; Language; SysML; UML; Computer simulation languages","Conference paper","Final","","Scopus","2-s2.0-84937804331"
"Schweiger G.; Gomes C.; Engel G.; Hafner I.; Schoeggl J.; Posch A.; Nouidui T.","Schweiger, G. (57193350968); Gomes, C. (56492272400); Engel, G. (36489630000); Hafner, I. (55535452100); Schoeggl, J. (56596851900); Posch, A. (13008515100); Nouidui, T. (55504548200)","57193350968; 56492272400; 36489630000; 55535452100; 56596851900; 13008515100; 55504548200","An empirical survey on co-simulation: Promising standards, challenges and research needs","2019","Simulation Modelling Practice and Theory","95","","","148","163","15","63","10.1016/j.simpat.2019.05.001","https://www.scopus.com/inward/record.uri?eid=2-s2.0-85065665145&doi=10.1016%2fj.simpat.2019.05.001&partnerID=40&md5=9ad9fb25252ed73e0419215f09772c06","Co-simulation is a promising approach for the modelling and simulation of complex systems, that makes use of mature simulation tools in the respective domains. It has been applied in various different domains, oftentimes without a comprehensive study of the impact to the simulation results. As a consequence, over the recent years, researchers have set out to understand the essential challenges arising from the application of this technique. This paper complements the existing surveys in that the social and empirical aspects were addressed. More than 50 experts participated in a two-stage Delphi study to determine current challenges, research needs and promising standards and tools. Furthermore, an analysis of the strengths, weakness, opportunities and threats of co-simulation utilizing the analytic hierarchy process resulting in a SWOT-AHP analysis is presented. The empirical results of this study show that experts consider the FMI standard to be the most promising standard for continuous time, discrete event and hybrid co-simulation. The results of the SWOT-AHP analysis indicate that factors related to strengths and opportunities predominate. © 2019 Elsevier B.V.","Co-simulation; Delphi method; Empirical survey; Modelling; Simulation","Continuous time systems; Hierarchical systems; Models; Continuous-time; Cosimulation; Delphi method; Different domains; Discrete events; Empirical surveys; Modelling and simulations; Simulation; Surveys","Review","Final","All Open Access; Green Open Access","Scopus","2-s2.0-85065665145"
"Chen Y.; Vinco S.; Poncino M.","Chen, Y. (57205469609); Vinco, S. (18035995700); Poncino, M. (7004365626)","57205469609; 18035995700; 7004365626","SystemC-AMS thermal modeling for the co-simulation of functional and extra-functional properties","2019","ACM Transactions on Design Automation of Electronic Systems","24","1","4","","","","6","10.1145/3267125","https://www.scopus.com/inward/record.uri?eid=2-s2.0-85060126404&doi=10.1145%2f3267125&partnerID=40&md5=348835b99b92f0941bdaf45cec90c1a8","Temperature is a critical property of smart systems, due to its impact on reliability and to its inter-dependence with power consumption. Unfortunately, the current design flows evaluate thermal evolution ex-post on offline power traces. This does not allow to consider temperature as a dimension in the design loop, and it misses all the complex inter-dependencies with design choices and power evolution. In this article, by adopting the functional language SystemC-AMS (Analog Mixed Signal), we propose a method to enable thermal/power/functional co-simulation. The system thermal model is built by using state-of-the-art circuit equivalent models, by exploiting the support for electrical linear networks intrinsic of SystemC-AMS. The experimental results will show that the choice of SystemC-AMS is a winning strategy for building a simultaneous simulation of multiple functional and extra-functional properties of a system. The generated code exposes an accuracy comparable to that of the reference thermal simulator HotSpot. Additionally, the initial overhead due to the general purpose nature of SystemC-AMS is compensated by the surprisingly high performance of transient simulation, with speedups as high as two orders of magnitude. © 2018 Association for Computing Machinery.","Simulation; SystemC-AMS; Thermal analysis; Thermal estimation","Thermoanalysis; Critical properties; Extra-functional properties; Functional languages; Orders of magnitude; Simulation; SystemC-AMS; Thermal simulators; Transient simulation; Linear networks","Article","Final","","Scopus","2-s2.0-85060126404"
"Widl E.; Mantafounis T.-P.; Davros A.; Gehrke O.; Jensen T.V.; Kiokes G.; Hatziargyriou N.","Widl, Edmund (57198008734); Mantafounis, Timoleon-Panagiotis (57209829056); Davros, Andreas (57209823532); Gehrke, Oliver (24724324700); Jensen, Tue Vissing (55508864800); Kiokes, George (35217809200); Hatziargyriou, Nikos (35548793600)","57198008734; 57209829056; 57209823532; 24724324700; 55508864800; 35217809200; 35548793600","An FMI-compliant co-simulation approach for smart grid ICT assessments","2019","7th Workshop on Modeling and Simulation of Cyber-Physical Energy Systems, MSCPES 2019 - Held as part of CPS Week, Proceedings","","","8738799","","","","1","10.1109/MSCPES.2019.8738799","https://www.scopus.com/inward/record.uri?eid=2-s2.0-85068843684&doi=10.1109%2fMSCPES.2019.8738799&partnerID=40&md5=9308ce8b404c8cffe8d01e52ecacafc8","Information and communications technology (ICT) is a key enabler for Smart Grid applications, enabling advanced automation solutions for the operation of electrical power systems. Therefore, it is of great importance for research and development related to Smart Grids to accurately assess the interaction between electrical power systems, communication networks and automation systems. This work presents a co-simulation approach based on the Functional Mock-up Interface (FMI) specification that uses ns-3, a state-of-the-art communication network simulator, for such Smart Grid ICT assessments. To demonstrate the feasibility of the proposed approach, it is applied in a case study that assesses the impact of a communication network on the actuation pattern of a coordinated voltage controller (CVC). © 2019 IEEE.","Co-simulation; Communication simulation; Functional Mock-up Interface; Ns-3","Automation; Electric power transmission networks; Interface states; Mockups; Automation solutions; Communication simulation; Cosimulation; Electrical power system; Information and communications technology; Research and development; Smart grid applications; Voltage controllers; Smart power grids","Conference paper","Final","","Scopus","2-s2.0-85068843684"
"Liao X.; Zhao X.; Wang Z.; Han K.; Tiwari P.; Barth M.J.; Wu G.","Liao, Xishun (57216659203); Zhao, Xuanpeng (57218212706); Wang, Ziran (57195429182); Han, Kyungtae (57209887928); Tiwari, Prashant (57215341551); Barth, Matthew J. (56028681700); Wu, Guoyuan (55483767300)","57216659203; 57218212706; 57195429182; 57209887928; 57215341551; 56028681700; 55483767300","Game Theory-Based Ramp Merging for Mixed Traffic With Unity-SUMO Co-Simulation","2022","IEEE Transactions on Systems, Man, and Cybernetics: Systems","52","9","","5746","5757","11","41","10.1109/TSMC.2021.3131431","https://www.scopus.com/inward/record.uri?eid=2-s2.0-85121371158&doi=10.1109%2fTSMC.2021.3131431&partnerID=40&md5=443cac8688a1e931cce133e08510eef8","Ramp merging is considered to be one of the major causes of traffic accidents and congestion due to its inherent chaotic nature. With the development of the connected and automated vehicle (CAV) technology, CAVs can conduct cooperative merging using communication, and can also handle complicated situations even with legacy vehicles. In this article, a game theory-based ramp merging strategy has been developed for the optimal merging coordination of CAVs in mixed traffic, which can determine the dynamic merging sequence and corresponding longitudinal/lateral control. This strategy improves the safety and efficiency of the merging process by ensuring a safe intervehicle distance and harmonizing the speeds of CAVs in the traffic stream. To verify the proposed strategy, mixed traffic simulation runs under different penetration rates and different congestion levels have been carried out on an innovative Unity-SUMO integrated platform, which connects a game engine-based driving simulator with a state-of-the-art microscopic traffic simulator. The results show that the average speed of traffic flow can be increased up to 210%, while the fuel consumption can be reduced up to 53.9%. In addition, the driving volatility can be stabilized to a level with 0% extreme values.  © 2013 IEEE.","Connected and automated vehicles (CAVs); game theory; mixed traffic; ramp merging; unity-SUMO co-simulation","Cooperative communication; Game theory; Simulation platform; Street traffic control; Traffic congestion; Vehicle actuated signals; Vehicle to vehicle communications; Vehicles; Automated vehicles; Chaotic nature; Connected and automated vehicle; Cosimulation; Game; Mixed traffic; Ramp merging; Solid modelling; Unity-SUMO co-simulation; Vehicle's dynamics; Merging","Article","Final","","Scopus","2-s2.0-85121371158"
"Gomes C.; Oakes B.J.; Moradi M.; Gámiz A.T.; Mendo J.C.; Dutré S.; Denil J.; Vangheluwe H.","Gomes, Cláudio (56492272400); Oakes, Bentley James (56289881100); Moradi, Mehrdad (57209985087); Gámiz, Alejandro Torres (57211244698); Mendo, Juan Carlos (57211240316); Dutré, Stefan (6602831820); Denil, Joachim (35145566200); Vangheluwe, Hans (6602402077)","56492272400; 56289881100; 57209985087; 57211244698; 57211240316; 6602831820; 35145566200; 6602402077","HintCO – Hint-based Configuration of Co-simulations","2019","SIMULTECH 2019 - Proceedings of the 9th International Conference on Simulation and Modeling Methodologies, Technologies and Applications","","","","57","68","11","19","10.5220/0007830000570068","https://www.scopus.com/inward/record.uri?eid=2-s2.0-85073097665&doi=10.5220%2f0007830000570068&partnerID=40&md5=10d4f62858b82044dd12778dc2b1c7ed","Simulation-based analyses of Cyber-Physical Systems are fundamental in industrial design and testing approaches. The utility of analyses relies on the correct configuration of the simulation tools, which can be highly complicated. System engineers can normally judge the results, and either evaluate multiple simulation algorithms, or change the models. However, this is not possible in a co-simulation approach. Co-simulation is a technique to perform full-system simulation, by combining multiple black-box simulators, each responsible for a part of the system. In this paper, we demonstrate the difficulty of correctly configuring a co-simulation scenario using an industrial case study. We propose an approach to tackle this challenge by allowing multiple engineers, specialized in different domains, to encode some of their experience in the form of hints. These hints, together with state-of-the-art best practices, are then used to semi-automatically guide the configuration process of the co-simulation. We report the application of this approach to a use case proposed by our industrial partners, and discuss some of the lessons learned. Copyright © 2019 by SCITEPRESS – Science and Technology Publications, Lda. All rights reserved.","Co-simulation; Configuration; Functional Mockup Interface Standard; Hints; Semantic Adaptation","Product design; Semantics; Configuration; Cosimulation; Hints; Interface standards; Semantic adaptation; Embedded systems","Conference paper","Final","All Open Access; Green Open Access","Scopus","2-s2.0-85073097665"
"Adhikari S.; Schupfer F.; Grimm C.","Adhikari, Sumit (37022920600); Schupfer, Florian (27467860200); Grimm, Christoph (35247954100)","37022920600; 27467860200; 35247954100","Co-simulation framework for variation analysis of radio frequency transceivers","2012","Proceedings of the Conference on System, Software, SoC and Silicon Debug","","","6338154","","","","0","","https://www.scopus.com/inward/record.uri?eid=2-s2.0-84872573130&partnerID=40&md5=b961f5fc172e83dc6ddcceea14ebf431","Co-simulation provides an architect or a designer the freedom to change the implementation of a sub-module and analyse the design. Variational analysis during design procedure is an important tool to ensure higher-yield during production. State of the art co-simulators uses Monte Carlo analysis method for variational analysis, which is a multi-run method, slow and outcomes are not completely covered. In this article we proposed a co-simulation environment which uses affine arithmetic as variational analysis method. The result is an efficient and completely covered co-simulation environment. © 2012 ESCI.","Abstract Modelling; Affine Arithmetic; Co-simulation Framework; Design Reliability; Electronic System Level (ESL); Variation Analysis","Abstracting; Design; Program debugging; Reliability analysis; Silicon; Affine arithmetic; Cosimulation; Design-reliability; Electronic system level; Variation analysis; Monte Carlo methods","Conference paper","Final","","Scopus","2-s2.0-84872573130"
"Venkataramanan V.; Srivastava A.; Hahn A.","Venkataramanan, Venkatesh (55969805300); Srivastava, Anurag (35243843300); Hahn, Adam (59025732600)","55969805300; 35243843300; 59025732600","Real-Time Co-Simulation testbed for microgrid cyber-Physical analysis","2016","2016 Workshop on Modeling and Simulation of Cyber-Physical Energy Systems, MSCPES 2016 - Held as Part of CPS Week, Proceedings","","","07480220","","","","38","10.1109/MSCPES.2016.7480220","https://www.scopus.com/inward/record.uri?eid=2-s2.0-84978863728&doi=10.1109%2fMSCPES.2016.7480220&partnerID=40&md5=843879f0f83146a4f7c1adfa62abe202","This paper provides an overview of the development of a real- Time cyber-physical testbed for analyzing the impact of cyber events on the critical loads in a microgrid. A realtime, cyber-physical co-simulation testbed utilizing a Real Time Digital Simulator (RTDS) for simulating the power system, Common Open Research Emulator (CORE) for emulation of the communication network, and a TCP/IP based interface is used in this work. The testbed is used to simulate a Army microgrid based model for validation. Cyber-physical system simulation results demonstrate the ability of the testbed to implement the cyber attacks and analyze the impact on microgrid. © 2016 IEEE.","CORE; Cyber security; Cyber-physical test bed; Microgrid reconfiguration; Microgrid resiliency; Real time digital simulator; Smart grid","Electric fault currents; Embedded systems; CORE; Cyber physicals; Cyber security; Micro grid; Real time digital simulator; Smart grid; Testbeds","Conference paper","Final","","Scopus","2-s2.0-84978863728"
"Christiansen M.P.; Larsen P.G.; Jørgensen R.N.","Christiansen, Martin Peter (56084340400); Larsen, Peter Gorm (7401562142); Jørgensen, Rasmus Nyholm (35292305600)","56084340400; 7401562142; 35292305600","Robotic design choice overview using co-simulation and design space exploration","2015","Robotics","4","4","","398","420","22","6","10.3390/robotics4040398","https://www.scopus.com/inward/record.uri?eid=2-s2.0-85002235013&doi=10.3390%2frobotics4040398&partnerID=40&md5=1950241fbe5d1ccab6e7cf647cde003f","Rapid robotic system development has created a demand for multi-disciplinary methods and tools to explore and compare design alternatives. In this paper, we present a collaborative modeling technique that combines discrete-event models of controller software with continuous-time models of physical robot components. The proposed co-modeling method utilizes the Vienna development method (VDM) and MATLAB for discrete-event modeling and 20-sim for continuous-time modeling. The model-based development of a mobile robot mink feeding system is used to illustrate the collaborative modeling method. Simulations are used to evaluate the robot model output response in relation to operational demands. An example of a load-carrying challenge in relation to the feeding robot is presented, and a design space is defined with candidate solutions in both the mechanical and software domains. Simulation results are analyzed using design space exploration (DSE), which evaluates candidate solutions in relation to preselected optimization criteria. The result of the analysis provides developers with an overview of the impacts of each candidate solution in the chosen design space. Based on this overview of solution impacts, the developers can select viable candidates for deployment and testing with the actual robot. © 2015 by the authors; licensee MDPI, Basel, Switzerland.","Animal feeding; Collaborative modeling; Crescendo; Sensor fusion","","Article","Final","All Open Access; Gold Open Access","Scopus","2-s2.0-85002235013"
"Nachtnebel H.; Beigelbeck R.","Nachtnebel, Herbert (7003659370); Beigelbeck, Roman (9334966400)","7003659370; 9334966400","A mixed-signal co-simulation environment for brushless DC motors","2013","IEEE International Conference on Emerging Technologies and Factory Automation, ETFA","","","6648170","","","","0","10.1109/ETFA.2013.6648170","https://www.scopus.com/inward/record.uri?eid=2-s2.0-84890716883&doi=10.1109%2fETFA.2013.6648170&partnerID=40&md5=b9fd2e3a1b9295c9376de8edf8628f96","The well-known electromechanical motor model applied to permanent magnet motors relies on several simplifications which seriously limit its ability to rigorously model state-of-the-art sensor-less drives. Two distinctive assumptions made in its derivation are that saturation effects imposed by the magnetic core are neglected and that the motor is assumed to be non-salient. As a consequence, modern position detection methods used in standstill or during start-up in sensor-less control systems cannot be simulated, verified, or optimized with such a model. The overcome these drawbacks, we significantly extend the classical motor model by incorporating nonlinearities caused by saturation effects in the core. It this contribution, we report on this novel model and demonstrate its applicability for correct verification of sensor-less control methods using reactance measurements for angular rotor position detection. © 2013 IEEE.","","Brushless DC motors; Electric motors; Factory automation; Rotors (windings); Cosimulation; Electromechanical motor; Mixed signal; Permanent magnet motor; Position detection; Rotor position detection; Saturation effects; Sensor-less controls; Computer simulation","Conference paper","Final","","Scopus","2-s2.0-84890716883"
"Petrov M.; Murgan T.; May F.; Vorbach M.; Zipf P.; Glesner M.","Petrov, M. (7201906347); Murgan, T. (7801654952); May, F. (7102480842); Vorbach, M. (6507713916); Zipf, P. (6603107630); Glesner, M. (7005509336)","7201906347; 7801654952; 7102480842; 6507713916; 6603107630; 7005509336","The XPP architecture and its co-simulation within the simulink environment","2004","Lecture Notes in Computer Science (including subseries Lecture Notes in Artificial Intelligence and Lecture Notes in Bioinformatics)","3203","","","761","770","9","23","10.1007/978-3-540-30117-2_77","https://www.scopus.com/inward/record.uri?eid=2-s2.0-84872571112&doi=10.1007%2f978-3-540-30117-2_77&partnerID=40&md5=84ca9e2a56daceed9f429857140cad8c","This paper offers an overview of the XPP, a coarse-grained reconfigurable architecture, and presents a solution for its integration into a Simulink design flow for rapid prototyping. This includes a system-level co-simulation followed by the automated code generation for an embedded target platform. In order to realize this functionality, a custom Simulink module has been developed. During the co-simulation phase, it acts as a wrapper for an external simulator, whereas when code is generated, it is responsible for generating the appropriate function calls for communicating with the XPP device. Of these two aspects, only the co-simulation is considered here. © Springer-Verlag Berlin Heidelberg 2004.","","Reconfigurable architectures; Automated code generation; Coarse grained reconfigurable architecture; Cosimulation; Design flows; Embedded target; Function calls; SIMULINK environment; System levels; Simulation platform","Conference paper","Final","","Scopus","2-s2.0-84872571112"
"Rotger-Griful S.; Chatzivasileiadis S.; Jacobsen R.H.; Stewart E.M.; Domingo J.M.; Wetter M.","Rotger-Griful, Sergi (56444489400); Chatzivasileiadis, Spyros (36560966700); Jacobsen, Rune Hylsberg (7101646653); Stewart, Emma M. (7102199249); Domingo, Javier Matanza (55246024600); Wetter, Michael (6603637286)","56444489400; 36560966700; 7101646653; 7102199249; 55246024600; 6603637286","Hardware-in-the-Loop co-simulation of distribution Grid for demand response","2016","19th Power Systems Computation Conference, PSCC 2016","","","7540828","","","","23","10.1109/PSCC.2016.7540828","https://www.scopus.com/inward/record.uri?eid=2-s2.0-84986593953&doi=10.1109%2fPSCC.2016.7540828&partnerID=40&md5=ccb386f73e7dccf36be87219eb914999","In modern power systems, co-simulation is proposed as an enabler for analyzing the interactions between disparate systems. This paper introduces the co-simulation platform Virtual Grid Integration Laboratory (VirGIL) including Hardware-in-the-Loop testing, and demonstrates its potential to assess demand response strategies. VirGIL is based on a modular architecture using the Functional Mock-up Interface industrial standard to integrate new simulators. VirGIL combines state-of-the-art simulators in power systems, communications, buildings, and control. In this work, VirGIL is extended with a Hardware-in-the-Loop component to control the ventilation system of a real 12-story building in Denmark. VirGIL capabilities are illustrated in three scenarios: load following, primary reserves and load following aggregation. Experimental results show that the system can track one minute changing signals and it can provide primary reserves for up-regulation. Furthermore, the potential of aggregating several ventilation systems is evaluated considering the impact at distribution grid level and the communications protocol effect. © 2016 Power Systems Computation Conference.","Co-simulation; Demand Response; Functional Mock-up Interface; Hardware-in-the-Loop; PowerFactory","Hardware; Integration testing; Mockups; Synthetic apertures; Ventilation; Communications protocols; Cosimulation; Demand response; Hard-ware-in-the-loop; Hardware-in-the-loop testing; Industrial standards; Modular architectures; PowerFactory; Reconfigurable hardware","Conference paper","Final","All Open Access; Green Open Access","Scopus","2-s2.0-84986593953"
"Alfalouji Q.; Schranz T.; Falay B.; Wilfling S.; Exenberger J.; Mattausch T.; Gomes C.; Schweiger G.","Alfalouji, Qamar (57668116600); Schranz, Thomas (57211423321); Falay, Basak (57204023919); Wilfling, Sandra (57195939821); Exenberger, Johannes (57365774600); Mattausch, Thorsten (58197954800); Gomes, Cláudio (56492272400); Schweiger, Gerald (57193350968)","57668116600; 57211423321; 57204023919; 57195939821; 57365774600; 58197954800; 56492272400; 57193350968","Co-simulation for buildings and smart energy systems — A taxonomic review","2023","Simulation Modelling Practice and Theory","126","","102770","","","","12","10.1016/j.simpat.2023.102770","https://www.scopus.com/inward/record.uri?eid=2-s2.0-85153678747&doi=10.1016%2fj.simpat.2023.102770&partnerID=40&md5=63da6d0900ef816d24ea426c18ffcd4d","Modeling buildings and smart energy systems requires coupling a wide range of components into one unified simulation process, which can be difficult given the complexity of these systems. Hence, a large number of researchers integrate separate simulations for each of the individual components in a co-simulation instead. To systematically analyze techniques, standards, tools and applications of co-simulation in the field of buildings and smart energy systems, the publications on co-simulations in this field are reviewed by means of taxonomic analysis. Furthermore, the reproducibility as well as the validation approach of the respective papers are evaluated. Results show that Functional Mock-up Interface (FMI) is the most prominent standard for co-simulation in modeling buildings and smart energy systems. Co-simulation is mostly used in Heating, Ventilation, and Air Conditioning (HVAC) and occupancy analysis applications. Since nearly 70% of publications are not reproducible, we advocate that journals and funding agencies adopt stricter data and code-sharing policies. © 2023 The Author(s)","Co-simulation; Functional mock-up interface; Modeling","HVAC; Building energy systems; Cosimulation; Functional mock-up interface; Individual components; Mock up; Modeling; Simulation process; Smart energy systems; Standard tools; Tools and applications; Mockups","Review","Final","All Open Access; Hybrid Gold Open Access","Scopus","2-s2.0-85153678747"
"Puerto P.; Widl E.; Page J.","Puerto, Pablo (57204583961); Widl, Edmund (57198008734); Page, Jessen (20436756100)","57204583961; 57198008734; 20436756100","ZerOBNL: A framework for distributed and reproducible co-simulation","2019","7th Workshop on Modeling and Simulation of Cyber-Physical Energy Systems, MSCPES 2019 - Held as part of CPS Week, Proceedings","","","8738787","","","","7","10.1109/MSCPES.2019.8738787","https://www.scopus.com/inward/record.uri?eid=2-s2.0-85068817251&doi=10.1109%2fMSCPES.2019.8738787&partnerID=40&md5=caa1a419ac163a1d8630f5e3fe519aa6","Co-simulation combines multiple tools depending on a range of various requirements. This creates a mix of coexisting computation environments and makes co-simulation difficult to deploy and reproduce. On the other hand, due to its partitioned structure, it also offers a way to split and distribute the computation over multiple cores, potentially reducing simulation time. This paper addresses a way for handling and taking advantages of these aspects. An innovative framework providing simplified deployment, distributed computation and encapsulation for enhanced and reproducible co-simulation is presented, based on state-of-the-art open-source information technology tools and applications. By applying this framework to the simulation of a multi-network urban energy system, a proof-of-concept for the presented approach is given. The presented framework intends to enable researchers and engineers to not only simulate complex systems, but also create reproducible execution environments and workflows. © 2019 IEEE.","Co-simulation; Distributed computation; Docker; Framework; ZerOBNL; ZeroMQ","Circuit simulation; Energy management; Energy resources; Software engineering; Cosimulation; Distributed computations; Docker; Framework; ZerOBNL; ZeroMQ; Open systems","Conference paper","Final","","Scopus","2-s2.0-85068817251"
